,Nama,Harga Diskon,Harga Awal,Diskon,Terjual,Kota/Kab,Toko,Rating,Kategori
0,VYATTA BULLET LIGHTNING USB CABLE - GARANSI 12 BULAN TANPA BATAS,67150,79000,15.0,213,Jakarta Timur,Toko A,4.9,Lighting
1,Oraimo Charger Handphone Firefly 3 Quick Charge Fast Charging 10W 2A LED Free Kabel Data Micro USB Type-C Lightning OCW-E66S,50915,89000,42.8,1,Jakarta Pusat,Toko B,5.0,Lighting
2,Softbox Flash 50cm x 70cm Lighting Studio Strobist photography,107300,145000,26.0,2,Kab. Tangerang,Toko C,5.0,Lighting
3,Portable Light Stand Tripod 200cm for Studio Lighting - W803,45800,188000,75.6,0,Jakarta Barat,Toko D,,Lighting
4,Stand Tripod 180cm for Studio Lighting W803,45600,195000,76.6,1,Jakarta Barat,Toko E,5.0,Lighting
5,Lampu studio flash godox k160 mini pioneer lighting studio k-160,637500,637500,0.0,66,Jakarta Utara,Toko B,5.0,Lighting
6,Softbox Lighting 4 Socket E27 Plus Tripod Stand 2M dan Cover Putih Studio Foto,395000,395000,0.0,112,Jakarta Barat,Toko F,4.9,Lighting
7,Soket Lampu Foto Studio Ganda E27 Twin Bracket Holder Lighting Lamp,79700,79700,0.0,0,Jakarta Barat,Toko G,,Lighting
8,Portable Light Stand Tripod 3 Section 200cm for Studio Lightning,46100,200000,77.0,150,Jakarta Barat,Toko H,4.7,Lighting
9,Lightstand tripod lampu tiang lampu light stand portable lighting stand,55500,55500,0.0,17,Kab. Bekasi,Toko I,5.0,Lighting
10,Lighting Lampu Studio Payung Softbox Reflektor E27 Single Socket,100000,100000,0.0,3,Surabaya,Toko B,5.0,Lighting
11,mic wireless smartphone iphone iPad IOS mikrofon microphone Lavalier rekam live podcast video audio jepit podcast video audio game tik tok lightning,129800,129800,0.0,2,Jakarta Barat,Toko J,5.0,Lighting
12,TaffSTUDIO Portable Light Stand Tripod 1 Section 160cm for Studio Lighting - TB-037 - Black,39999,39999,0.0,1,Surabaya,Toko B,4.0,Lighting
13,Midio M416 Video LED Lighting Kit Plus Baterai dan Charger,335000,1155000,71.0,3,Jakarta Barat,Toko F,5.0,Lighting
14,Paket Lighting Studio Foto Softbox 50x70 Light Stand 45watt vlog youtube socket e27,205000,220000,6.8,8,Bandung,Toko G,4.3,Lighting
15,Lightdow Lighting Kamera 160 LED,271800,1231200,77.9,0,Jakarta Barat,Toko E,,Lighting
16,Softbox Payung Lighting Fotografi UB05,644800,3265800,80.3,0,Jakarta Barat,Toko E,,Lighting
17,Lighting Kit with Backdrop - LD-TZ11A,894300,4823000,81.5,0,Jakarta Barat,Toko E,,Lighting
18,Softbox Foto Studio Lighting Kit Youtube Vlog LD-TZ07A,415900,1777000,76.6,1,Jakarta Barat,Toko E,5.0,Lighting
19,Softbox Reflektor Photography Foto Studio Lighting Kit,841600,2299000,63.4,0,Jakarta Barat,Toko E,,Lighting
20,Flash Diffuser Lighting Softbox Studio Photography Light Ball 65 cm,174200,453400,61.6,1,Jakarta Barat,Toko K,5.0,Lighting
21,Portrait Foto Studio Lighting Kit Youtube Vlog - VL-9004,240900,2092000,88.5,0,Jakarta Barat,Toko L,,Lighting
22,Kabel Data Charger L Gaming Type C Micro USB Lightning Fast Charging,15000,55000,72.7,574,Jakarta Pusat,Toko D,4.9,Lighting
23,Portrait Foto Studio Lighting Kit Youtube Vlog LD-TZ07A,418400,2037000,79.5,0,Jakarta Barat,Toko L,,Lighting
24,Portrait Foto Studio Day Lighting Kit with Backdrop LD-TZ25,1105000,5043000,78.1,0,Jakarta Barat,Toko L,,Lighting
25,Photography Foto Studio Lightning Kit Youtube Vlog - D-HZ7,671200,3311000,79.7,0,Jakarta Barat,Toko L,,Lighting
26,Paket LED studio 204 video lighting youtube vlog,800000,800000,0.0,7,Bandung,Toko G,4.8,Lighting
27,Paket lighting 6 Led slim Dmx 512 par 54 led Rgbw,2400000,2400000,0.0,0,Jakarta Barat,Toko I,,Lighting
28,Foto Studio Lighting Kit with Backdrop - LD-TZ11A,896800,4021000,77.7,0,Jakarta Barat,Toko L,,Lighting
29,Lampu Studio LED Bi-color Dimmable Lighting 30W with Remote,989100,5016600,80.3,0,Jakarta Barat,Toko E,,Lighting
30,Lampu Flash Studio Video Photography Lighting 3 in 1 Color 300W,1042200,5286600,80.3,0,Jakarta Barat,Toko E,,Lighting
31,Stand Tripod 4 Section 180cm Studio Lighting FXFZ01,190900,230000,17.0,0,Jakarta Barat,Toko E,,Lighting
32,Portrait Foto Studio Lighting Kit Youtube Vlog - VL-9004,238400,2438000,90.2,0,Jakarta Barat,Toko E,,Lighting
33,Lighting Softbox Foto Studio Kit with Backdrop,1102500,2845000,61.2,0,Jakarta Barat,Toko E,,Lighting
34,Casell Ultra thin LED-396AS Professional LED Video Photo Lighting,1250000,1250000,0.0,0,Jakarta Pusat,Toko M,,Lighting
35,Nanlite Compac 100 Dimmable 5600K Slim Soft Lighting Studio LED Panel,3475000,3475000,0.0,0,Jakarta Pusat,Toko M,,Lighting
36,Nanlite 1200CSA Bicolor LED Panel Lighting Video Professional,5815000,5815000,0.0,0,Jakarta Pusat,Toko M,,Lighting
37,Casell Ultra thin LED-396A Bi Color Professional Video Photo Lighting,1150000,1150000,0.0,0,Jakarta Pusat,Toko M,,Lighting
38,Nanlite Forza 300 LED Monolight Continuos Lighting Video,13195000,13195000,0.0,0,Jakarta Pusat,Toko M,,Lighting
39,Casell Ultra thin LED-396 Daylight Professional Video Photo Lighting,1150000,1150000,0.0,0,Jakarta Pusat,Toko M,,Lighting
40,Nanlite Compac 100B Bi-Color Slim Soft Lighting Studio LED Panel,4650000,4650000,0.0,0,Jakarta Pusat,Toko M,,Lighting
41,Nanlite MixPad 27 Tunable RGB Hard and Soft LED Panel Lampu - Lighting,4635000,4635000,0.0,0,Jakarta Pusat,Toko M,,Lighting
42,Nanlite MixWand 18 RGB Hard and Soft LED Lighting Painting Wand Lampu,2350000,2350000,0.0,0,Jakarta Pusat,Toko M,,Lighting
43,Nanlite Forza 60 LED Monolight Daylight Lighting Kamera Video,3220000,3220000,0.0,0,Jakarta Pusat,Toko M,,Lighting
44,Photography Foto Studio Lightning Kit Youtube Vlog - D-HZ7,668700,3971000,83.2,0,Jakarta Barat,Toko E,,Lighting
45,Photography Foto Studio Lightning Kit Youtube Vlog - D-HZ7,679700,2827500,76.0,0,Jakarta Barat,Toko D,,Lighting
46,Portrait Foto Studio Lighting Kit Youtube Vlog - LD-TZ07A,422700,1756500,75.9,0,Jakarta Barat,Toko D,,Lighting
47,Lighting Kit Foto Studio Day with Backdrop LDTZ30,4966100,5983200,17.0,0,Jakarta Barat,Toko E,,Lighting
48,EZMODE Studio Lighting Stand + 4 Socket Softbox 60x80cm with Grid,639000,700000,8.7,0,Jakarta Utara,Toko B,5.0,Lighting
49,VYATTA BULLET LIGHTNING iPhone IOS Cable - Kabel Data FAST CHARGE,42415,79000,46.3,0,Jakarta Timur,Toko A,4.9,Lighting
50,VYATTA AUTO Cable - Kabel Data Smart Disconnect Lightning,304300,358000,15.0,0,Jakarta Timur,Toko A,4.7,Lighting
51,EZMODE Studio Lighting Stand + 4 Socket Octagon Softbox 80cm with Grid,639000,700000,8.7,0,Jakarta Utara,Toko B,,Lighting
52,NICEFOTO Studio Kit Portable / Photo Box 40x40 with Lighting,475000,475000,0.0,0,Jakarta Utara,Toko B,,Lighting
53,NICEFOTO Heavy Duty Boom Arm LS-07 with Stand for Lighting Studio,749000,749000,0.0,0,Jakarta Utara,Toko B,,Lighting
54,Nanlite Mira 26B Dual Flex Arm Beauty Lighting - Lampu Make up,1750000,1750000,0.0,0,Jakarta Pusat,Toko M,,Lighting
55,Nanlite Forza 60B Bi-Color LED Monolight Lighting Kamera Video,3875000,3875000,0.0,0,Jakarta Pusat,Toko M,,Lighting
56,1 SET TRIPOD 2.8M + LAMPU PROFESSIONAL LIGHTING SOLUTION 400W SOFT BALL LIGHT FLASH LAMPU STUDIO,1250000,1250000,0.0,0,Jakarta Utara,Toko L,,Lighting
57,Nanlite Compac 20 Daylight Slim Soft Lighting Studio LED Panel Lampu,438000,438000,0.0,0,Jakarta Pusat,Toko M,,Lighting
58,Nanlite Forza 500 LED Monolight Continuos Lighting - Lampu Video,20750000,20750000,0.0,0,Jakarta Pusat,Toko M,,Lighting
59,Nanlite Compac 200B Bi-Color Slim Soft Lighting Studio LED Panel Video,8525000,8525000,0.0,0,Jakarta Pusat,Toko M,,Lighting
60,Nanlite LumiPad 11 Bi-Color Soft LED Panel Lighting - Lampu Video,587000,587000,0.0,0,Jakarta Pusat,Toko M,,Lighting
61,Aputure MC RGBWW LED Light - Amaran Lampu Video Lighting,1550000,1550000,0.0,0,Jakarta Pusat,Toko M,,Lighting
62,Casell LED-330RC DayLight CRI 95 Video Lighting LED - Lampu Kamera,1450000,1450000,0.0,0,Jakarta Pusat,Toko M,,Lighting
63,EZMODE Orion 80x LED Video Lighting 80W - 7200LM 3000-6500K,2190000,2250000,2.7,1,Jakarta Utara,Toko B,5.0,Lighting
64,PORTABLE PHOTO BOX 40X40 WITH LIGHTING - NICE FOTO STUDIO KIT,499000,499000,0.0,15,Jakarta Utara,Toko B,5.0,Lighting
65,RS232 to RS485 RS422 Converter with TVS Lightning protection PW02,210000,210000,0.0,0,Jakarta Utara,Toko D,,Lighting
66,RS232 to RS485 RS422 Active converter ESD Surge lightning protect PW03,360000,360000,0.0,0,Jakarta Utara,Toko D,,Lighting
67,Oraimo EasyLine 2 Kabel Data Iphone Lightning/ Type C/ Micro Usb Cable 2A Fast & Durable OCD-113 adalah kabel data Lightning untuk Iphone/ Micro Usb /,16915,39900,57.6,1,Jakarta Pusat,Toko B,,Lighting
68,Nanlite 600CSA Bicolor LED Panel Lighting Video Professional,3285000,3285000,0.0,0,Jakarta Pusat,Toko M,,Lighting
69,Casell LED M-200AI Portable LED Video Lighting Vlog with Power Bank,1600000,1600000,0.0,0,Jakarta Pusat,Toko M,,Lighting
70,Casell LED-330ARC Bi-Color CRI 95 Video Lighting LED - Lampu Kamera,1450000,1450000,0.0,0,Jakarta Pusat,Toko M,,Lighting
71,PULUZ 40 x 40cm Mini Photo Studio Box Lightbox Photography Softbox LED Photo Lighting 1.007.0011,595000,595000,0.0,0,Jakarta Barat,Toko N,,Lighting
72,Nanlite Forza 200 Daylight LED Monolight Continuos Lighting Video,9950000,9950000,0.0,0,Jakarta Pusat,Toko M,,Lighting
73,Lighting Studio Midio LED RGB Studio Foto M-REM5 Video LED Live LED,900000,900000,0.0,21,Jakarta Barat,Toko F,4.9,Lighting
74,Casell LED 600AS Bi-Color Video Lighting LED Lampu Kamera With Remote,2400000,2400000,0.0,0,Jakarta Pusat,Toko M,,Lighting
75,GODOX 150 Portable Mini Master Studio Flash Lighting K-150A,690000,690000,0.0,0,Jakarta Pusat,Toko M,,Lighting
76,Otg Usb A 3.0 to iPhone Lightning Mcdodo Ot-8600 Converter Adapter Original,85000,85000,0.0,7,Jakarta Pusat,Toko G,4.8,Lighting
77,Lightdow Lighting Kamera 160 LED LD-160,270000,755000,64.2,0,Jakarta Barat,Toko O,,Lighting
78,Tripod Camera 2M- Light Stand 2 M For Studio Lightning,25000,25000,0.0,258,Kab. Tangerang,Toko P,4.9,Lighting
79,Portable Lighting Stand Tripod 3 Section 200cm - SN303,45500,274000,83.4,1,Jakarta Barat,Toko E,5.0,Lighting
80,Portable Lighting Stand Tripod 200cm for Studio Lightning - SN303,45600,230000,80.2,0,Jakarta Barat,Toko D,,Lighting
81,Tripod Lampu Light Stand Portable 180cm Studio Photo Foto Lighting,97500,97500,0.0,178,Depok,Toko Q,4.7,Lighting
82,Casell LED-320AS Continuos Bi-Color Lighting On-Camera - Foto & Video,920000,920000,0.0,1,Jakarta Pusat,Toko M,5.0,Lighting
83,NiceFoto 100W daylight COB LED light HC-1000 Studio Lighting - Bowens Mount,2350000,2350000,0.0,2,Jakarta Pusat,Toko M,5.0,Lighting
84,Softbox Lighting Socket E27 Plus Tripod Stand 2M dan Lampu 45 watt,499000,499000,0.0,39,Jakarta Barat,Toko F,4.8,Lighting
85,VLOGGING KIT All in One Tripod Lightning Mic Remote Live Streaming VIZZION PK-771,95000,189900,50.0,2,Kab. Bekasi,Toko R,5.0,Lighting
86,Casell LED-300 Continuos Daylight Lighting On-Camera - Foto & Video,830000,830000,0.0,0,Jakarta Pusat,Toko M,,Lighting
87,Casell LED-300A Continuos Bi-Color Lighting On-Camera - Foto & Video,830000,830000,0.0,0,Jakarta Pusat,Toko M,,Lighting
88,Stand Tripod 3 Section 200cm Portable Lighting,47200,47200,0.0,4,Jakarta Barat,Toko Q,5.0,Lighting
89,Perlengkapan Lampu Foto Studio Lighting Stand Set Umbrella Reflector,271900,271900,0.0,0,Jakarta Barat,Toko I,,Lighting
90,Portable Light Stand Tripod 200cm for Studio Lighting - W803,46500,180000,74.2,0,Jakarta Barat,Toko O,,Lighting
91,KINGMA Extension Bracket Camera for Lighting Microphone and Stand,67000,67000,0.0,0,Jakarta Utara,Toko B,,Lighting
92,CORDE Kabel Data 3 in 1 Fast Charging 66W Micro USB Lightning Type C,109000,300000,63.7,6,Jakarta Utara,Toko S,5.0,Lighting
93,Kabel Data CORDE Type C to Lightning For iPhone Fast Charging 3A PD,45000,99000,54.5,33,Jakarta Utara,Toko S,5.0,Lighting
94,Kabel Data CORDE 3 in 1 5A Max Micro USB Lightning Type C,69000,230000,70.0,57,Jakarta Utara,Toko S,4.9,Lighting
95,Oraimo Data Cable Fastline 2 Kabel Data Type-C to Lightning 5V 2.4A Fast Charging Panjang 1 Meter OCD-CL54,50915,99000,48.6,1,Jakarta Pusat,Toko B,5.0,Lighting
96,Oraimo Data Cable Solidline Kabel Android Micro Type-C Lightning 5V 3A Fast Charging Panjang 1 Meter OCD-M72/C72/L72,28815,79000,63.5,2,Jakarta Pusat,Toko B,5.0,Lighting
97,KNF Concept Heavy Duty Light Stand 2.3M for Lighting Studio Equipment,399000,399000,0.0,2,Jakarta Utara,Toko B,5.0,Lighting
98,CORDE Kabel Data TYPE C to iPhone Lightning 18W PD Fast Charging 3A,49000,149000,67.1,27,Jakarta Utara,Toko S,5.0,Lighting
99,Kabel Aukey CB-AL01 90 2M USB-A to Lightning (NO PACKING & NO WARRANTY),75000,639000,88.3,2,Jakarta Barat,Toko P,5.0,Lighting
100,Portable Light Stand Tripod 200cm for Studio Lighting - W803,44000,193500,77.3,0,Jakarta Barat,Toko G,,Lighting
101,Foto Studio Lightning Kit Youtube Vlog Unboxing with Backdrop,887200,5704000,84.4,0,Jakarta Barat,Toko O,,Lighting
102,Tripod Lampu Portable Stand 180cm for Studio Lightning - W803,46300,198000,76.6,44,Jakarta Barat,Toko H,4.7,Lighting
103,Softbox Lighting Single Socket E27 Plus Tripod Stand 2M Cover Putih Ukuran,399000,399000,0.0,283,Jakarta Barat,Toko F,4.9,Lighting
104,Lighting Kit Set Foto Studio Youtube Vlog,238600,238600,0.0,0,Jakarta Barat,Toko Q,,Lighting
105,EZMODE Video Lighting LED 80W - 7200LM 3000-6500K - ORION 80X,2190000,2190000,0.0,0,Jakarta Pusat,Toko Q,,Lighting
106,Portrait Foto Studio Lighting Kit Youtube Vlog TaffSTUDIO,232700,758000,69.3,3,Jakarta Barat,Toko H,5.0,Lighting
107,Lighting Stand 110CM - Light Stand 110CM,35000,35000,0.0,0,Jakarta Utara,Toko B,,Lighting
108,EZ Stand Extension Boom Stand Plus Light Stand Studio 260CM for Lighting,280000,400000,30.0,2,Jakarta Utara,Toko B,5.0,Lighting
109,Lighting Stand GS-200 - Light Stand 200CM,55000,55000,0.0,0,Jakarta Utara,Toko B,,Lighting
110,NICEFOTO Lighting Stand LS-260AT - Light Stand 260CM,389000,389000,0.0,0,Jakarta Utara,Toko B,,Lighting
111,CORDE Converter Type C to Apple Lightning 2.0 Support Audio Voice Data,55000,109000,49.5,0,Jakarta Utara,Toko S,,Lighting
112,GROSIR Portable Light Stand Tripod 1 Section 160cm for Studio Lighting,39800,39800,0.0,0,Jakarta Pusat,Toko T,,Lighting
113,Portable Light Stand Tripod 180cm for Studio Lighting,58100,58100,0.0,0,Jakarta Barat,Toko M,,Lighting
114,Light Stand Tripod 2 meter Kaki lampu studio - Lighting Flash speed lite stand,45000,45000,0.0,55,Jakarta Barat,Toko D,4.8,Lighting
115,Portrait Foto Studio Lighting Kit Youtube Vlog - VL-9004,236900,1265400,81.3,0,Jakarta Barat,Toko O,,Lighting
116,Softbox Reflektor Photography Studio Lighting Kit,855700,3634000,76.5,0,Jakarta Barat,Toko D,,Lighting
117,Portable Light Stand Tripod 180cm for Studio Lightning - W803,114000,114000,0.0,0,Cilegon,Toko U,,Lighting
118,CHARGER ORIGINAL IPHONE 11 13 PRO MAX XS XR 20W USB-C TO LIGHTNING,28000,65000,56.9,5,Jakarta Barat,Toko M,5.0,Lighting
119,iMac Lighting Lampu Meja Led Putih Terang ASC 2930S,35000,35000,0.0,0,Jakarta Pusat,Toko V,,Lighting
120,CORDE Kabel Data Transparan PD Type C to Lightning Fast Charging 20W,59000,149000,60.4,0,Jakarta Utara,Toko S,,Lighting
121,Kabel Data Cas Casan 3 in 1 Kabel USB Fast Charging Kabel Micro USB Lightning Iphone Apple Type C 1.2M 120cm,19800,75000,73.6,33,Semarang,Toko B,5.0,Lighting
122,Kabel Data Micro Lightning CB161L 1M Fast Charging 2.4A,39000,46000,15.2,0,Jakarta Utara,Toko L,,Lighting
123,Portable Light Stand Tripod 200cm for Studio Lightning W803 FOT-034,52000,107000,51.4,0,Jakarta Barat,Toko G,,Lighting
124,HANMI Portrait Foto Studio Lighting Kit Youtube Vlog Unboxing CEC5400,1383700,1504000,8.0,0,Jakarta Barat,Toko L,,Lighting
125,Foto Studio Day Light Lighting Kit Youtube Vlog - K9,2854800,3103000,8.0,0,Jakarta Barat,Toko L,,Lighting
126,Portrait Foto Studio Day Lighting Kit with Backdrop - LD-TZ25,1093700,3446600,68.3,0,Jakarta Barat,Toko O,,Lighting
127,Reflektor Cahaya Studio Foto 5 in 1 Foto lighting Studio Reflector FOT-042,53000,103000,48.5,3,Jakarta Barat,Toko G,1.0,Lighting
128,Foto Studio Lighting Kit with Backdrop TaffSTUDIO,871900,1428000,38.9,1,Jakarta Barat,Toko H,5.0,Lighting
129,Photography Foto Studio Lightning Kit Youtube Vlog - D-HZ7,663500,1979750,66.5,0,Jakarta Barat,Toko O,,Lighting
130,Ulanzi J12 2-Person Wireless Microphone with Lightning Connector for iOS Devices,599000,599000,0.0,0,Jakarta Pusat,Toko G,,Lighting
131,TaffSTUDIO Foto Studio Lighting Kit with Backdrop LD-TZ11A,887200,4021000,77.9,0,Jakarta Barat,Toko O,,Lighting
132,Lampu Sorot Laser Panggung untuk Lightning Sound System L18RG,173500,828000,79.0,0,Jakarta Barat,Toko E,,Lighting
133,Kabel Charger Lightning Multiple Strands Good Quality 1m S-IP5G,9900,48000,79.4,0,Jakarta Barat,Toko E,,Lighting
134,Micro USB Female to Lightning 8 Pin Adapter for iPhone,5400,24000,77.5,0,Jakarta Barat,Toko E,,Lighting
135,Kabel Data Pendek 20cm iPhone Lightning Mcdodo CA-5153 Powerbank Cable Original,37500,37500,0.0,9,Jakarta Pusat,Toko G,5.0,Lighting
136,Mcdodo Kabel Data Set Travel Type C to C +Lightning Connector Adapter,89000,89000,0.0,1,Jakarta Pusat,Toko G,5.0,Lighting
137,Kabel Data Pendek 20cm Usb Type C to iPhone Lightning 18W Fast Charge Mcdodo Ca-7291,47500,47500,0.0,14,Jakarta Pusat,Toko G,5.0,Lighting
138,Mcdodo Kabel Coiled Type C to Lightning 36W PD Fast Charge Ca-1960,79000,79000,0.0,1,Jakarta Pusat,Toko G,5.0,Lighting
139,Kabel Data 3 in 1 Type C Micro Usb iPhone Lightning 3 Cabang Baseus Original,68000,68000,0.0,28,Jakarta Pusat,Toko G,4.9,Lighting
140,Fitting Lampu Led E27 Cabang 5 Dudukan Bohlam Studio Foto Lighting Fotografi,27000,27000,0.0,0,Sleman,Toko G,,Lighting
141,Ulanzi UW-MIC 20P 2.4GHz Wireless Microphone with Lightning Connector for iOS Devices,1626000,1626000,0.0,0,Jakarta Pusat,Toko G,,Lighting
142,Portrait Foto Studio Day Lighting Kit with Backdrop TaffSTUDIO LD-TZ25,1093700,5043000,78.3,0,Jakarta Barat,Toko O,,Lighting
143,Portable Light Stand Tripod 180cm 180 cm for Studio Lighting Lampu Kamera Photo Photography,89000,89000,0.0,0,Sleman,Toko G,,Lighting
144,Lightdow Lighting Kamera 160 LED,264900,928400,71.5,0,Jakarta Barat,Toko G,,Lighting
145,Portrait Foto Studio Lighting Kit Youtube Vlog - LD-TZ07A,412900,1290250,68.0,0,Jakarta Barat,Toko O,,Lighting
146,Fitting E27 Cabang 3 Lampu Bohlam Studio Led Lighting Light Stand,25000,25000,0.0,0,Sleman,Toko G,,Lighting
147,Lighting Stand Tripod 3 Section 200cm - SN303,59900,59900,0.0,0,Kab. Tangerang,Toko B,,Lighting
148,Softbox Reflektor Photography Foto Studio Lighting Kit Safstar,820600,1362000,39.8,3,Jakarta Barat,Toko H,5.0,Lighting
149,TaffSTUDIO Portrait Foto Studio Lighting Kit Youtube Vlog LD-TZ07A,412900,2037000,79.7,0,Jakarta Barat,Toko O,,Lighting
150,Mcdodo Kabel 3 in 1 6A Super Fast Charging VOOC Type C Lightning Micro USB,115000,115000,0.0,0,Jakarta Pusat,Toko G,,Lighting
151,Mcdodo Kabel 20CM USB to iPhone Lightning NYLON 3A Fast Charging,37500,37500,0.0,0,Jakarta Pusat,Toko G,,Lighting
152,Microphone Clip-on Lightning Plug Lavalier iPhone JH041,46500,227400,79.6,0,Jakarta Barat,Toko E,,Lighting
153,Lampu LED Bulb Light 50W - 6500K Lighting Studio,120000,120000,0.0,5,Jakarta Utara,Toko B,3.3,Lighting
154,Kabel Data Mcdodo Usb 3A Auto Power Off iPhone Lightning 1.8m Original,79000,79000,0.0,2,Jakarta Pusat,Toko G,5.0,Lighting
155,Portrait Foto Studio Lighting Kit Youtube Vlog TaffSTUDIO VL-9004,236900,850000,72.1,0,Jakarta Barat,Toko O,,Lighting
156,Boom Arm Bracket Lampu Foto Studio Lighting Perlengkapan Studio FOT-044,111000,177000,37.3,4,Jakarta Barat,Toko G,4.3,Lighting
157,GVM Pro SD200B Bi-Color LED Monolight SD 200B SET 1 - 2 Lightning Lamp,3989000,3989000,0.0,0,Jakarta Pusat,Toko N,,Lighting
158,GVM Pro SD300B Bi-Color LED Monolight SD 300B SET 1 - 2 Lightning Lamp,6099000,6099000,0.0,0,Jakarta Pusat,Toko N,,Lighting
159,Reflektor Cahaya 5 in 1 Backdrop Studio Foto Lightning FOT-109,60000,90000,33.3,0,Jakarta Barat,Toko G,,Lighting
160,Nanlite LT-65 Lantern Softbox 65CM for Lightning Forza Lampu Original,549000,549000,0.0,0,Jakarta Pusat,Toko N,,Lighting
161,"Aputure Amaran Light Dome Mini SE (22.8"") Lightning Softbox Resmi",1130000,1130000,0.0,0,Jakarta Pusat,Toko N,,Lighting
162,Tripod Light Stand Lighting Studio Tiang Lampu 5 Section 350cm 350 cm,173000,173000,0.0,0,Sleman,Toko G,,Lighting
163,Takara WP-90D Wall Plate with 90 degree baby pin for Lightning WP90D,185000,185000,0.0,0,Jakarta Pusat,Toko N,,Lighting
164,Wireless Lavalier Lapel Microphone System Lightning M9,92000,462600,80.1,0,Jakarta Barat,Toko E,,Lighting
165,Microphone Clip on Lightning Plug Lavalier iPhone JH-041,47400,188000,74.8,0,Jakarta Barat,Toko O,,Lighting
166,Wireless Lavalier Lapel Microphone System Lightning - M9,93300,327000,71.5,0,Jakarta Barat,Toko O,,Lighting
167,Wireless Lavalier Lapel Microphone Vlogger Lightning HO86,232600,280200,17.0,0,Jakarta Barat,Toko E,,Lighting
168,Mikrofon Wireless Lavalier Portable Mic USB Lightning G10,91600,460800,80.1,0,Jakarta Barat,Toko E,,Lighting
169,Zhiyun Molus X100 Combo Bi-Color LED Lampu Lighting 100W Resmi,5584000,5584000,0.0,0,Tangerang,Toko G,,Lighting
170,Takara WP-90D Wall Plate with 90 degree baby pin for Lightning Studio,209000,209000,0.0,0,Jakarta Pusat,Toko N,,Lighting
171,Light Stand Tripod Tiang Lampu 160cm 160 cm for Studio Lighting Kamera,57000,57000,0.0,0,Sleman,Toko G,,Lighting
172,Tripod Lampu Sunset Proyektor LED Night Lightning Sunset Red Projector,24750,24750,0.0,4,Kab. Bekasi,Toko R,4.8,Lighting
173,TaffSTUDIO Mikrofon Portable Wireless Lavalier Mic USB Lightning - G10,110000,110000,0.0,1,Jakarta Barat,Toko W,5.0,Lighting
174,Nanlite Forza 60 II Daylight LED Monolight Lighting Kamera Video 60II,3970000,3970000,0.0,0,Jakarta Pusat,Toko N,,Lighting
175,Paket Lighting Studio Lengkap Terjangkau dengan 3 Kain Backdrop,1100000,1100000,0.0,0,Kab. Tangerang,Toko B,,Lighting
176,TaffSTUDIO Portable Light Stand Tripod 3 Section 200cm for Studio Lightning - SN303 - Black,47800,47800,0.0,0,Jakarta Barat,Toko O,,Lighting
177,Paket lighting studio foto photo profesional peralatan perlengkapan lightning kit youtube youtuber vlog unboxing with backdrop lengkap,1092100,1092100,0.0,5,Jakarta Timur,Toko M,5.0,Lighting
178,ROCKWARE RGB Colorful Handheld Lighting Stick - Alat Cahaya Fotografi,298700,298700,0.0,0,Kab. Tangerang,Toko G,,Lighting
179,Microphone Wireless Lavalier Lapel Vlogger Lightning E60,340700,410400,17.0,0,Jakarta Barat,Toko E,,Lighting
180,Mcdodo OTG Converter iPhone Lightning to Type C Female Audio Headset,105000,105000,0.0,0,Jakarta Pusat,Toko G,,Lighting
181,Wireless Lavalier Lapel Microphone Vlogger Lightning - E60,269700,290000,7.0,0,Jakarta Barat,Toko O,,Lighting
182,Mikrofon Wireless Lavalier Portable Mic USB Lightning - G10,92900,340000,72.7,0,Jakarta Barat,Toko O,,Lighting
183,Wireless Lavalier Lapel Microphone Vlogger Lightning - HO86,204600,220000,7.0,0,Jakarta Barat,Toko O,,Lighting
184,VYATTA 4in1 CABLE 66W USB TYPE C LIGHTNING IPHONE SAMSUNG XIAOMI,84915,159000,46.6,0,Jakarta Timur,Toko A,,Lighting
185,Lampu Air Terjun 3x3 Meter Waterfall Lighting Lampu Tirai Hujan LED Dekorasi Ruangan,289000,289000,0.0,0,Jakarta Barat,Toko X,,Lighting
186,Kabel Data Metal Magnetic X-Cable 360 For Lighting/Type C/ Micro USB,17510,18700,6.4,28,Jakarta Utara,Toko Y,5.0,Lighting
187,Cafele Elbow Magnetic Fast Charging Cable - Lightning - Type-C - Micro,125000,125000,0.0,10,Jakarta Barat,Toko N,5.0,Lighting
188,PAKET LZ04 Penjepit Lazypod Lighting Vloger LampPlus Lampu 45 W,175000,175000,0.0,0,Jakarta Barat,Toko F,,Lighting
189,Microphone Wireless Lavalier Lapel Microphone Vlogger Lightning,78000,78000,0.0,0,Jakarta Barat,Toko Z,,Lighting
190,Stand Lighting Tripod Portable 3 Section 200cm TaffSTUDIO - SN303,46300,185000,75.0,4,Jakarta Barat,Toko O,5.0,Lighting
191,SENXIN Wireless Lavalier Lapel Microphone Podcast Live Lightning - J13,273822,276588,1.0,0,Jakarta Barat,Toko P,,Lighting
192,Lampu Lighting Moonlite Smart GL-60,1100000,1100000,0.0,0,Cirebon,Toko C,,Lighting
193,Portable Light Stand Tripod 200cm for Studio Lighting - W803 - Black,43800,43800,0.0,0,Jakarta Barat,Toko O,,Lighting
194,Colbor CL60R RGB COB LED Video Light Studio Lighting CL 60R Resmi,2800000,2850000,1.8,0,Tangerang,Toko G,,Lighting
195,Portable Light Stand Tripod 200cm for Studio Lighting - W803 - Black hitam,43800,43800,0.0,0,Jakarta Barat,Toko W,,Lighting
196,Godox LED 1000 II Bi-Color Video Light 1000II Lighting Studio Resmi,4048000,4048000,0.0,0,Tangerang,Toko G,,Lighting
197,Cafele Elbow Magnetic Cable 3in1 Lightning Type-C Micro Fast Charging,175000,175000,0.0,8,Jakarta Barat,Toko N,4.6,Lighting
198,Cafele QC3.0 Magnetic Cable 3in1 Lightning Type-C Micro Fast Charging,175000,175000,0.0,2,Jakarta Barat,Toko N,5.0,Lighting
199,Cafele 18W USB Type C to Lightning PD Fast Charging Cable iPhone iPad,155000,155000,0.0,3,Jakarta Barat,Toko N,5.0,Lighting
200,Uslion Flash Type-C to Lightning Cable 30cm 100cm 200cm - PD Power Delivery Fast Quick Charge Charging iPhone Support 20w,39600,40000,1.0,1,Bandung,Toko D,5.0,Lighting
201,Robotsky Charging Type-C to Lightning Adapter Apple Pencil 1st Gen - Coverter Charger Charge Pencil Seri 1 Series,69300,70000,1.0,0,Bandung,Toko D,,Lighting
202,Paket Softbox Lighting untuk Studio Foto Untuk Foto Baju Anak dan Dewasa,1155000,1155000,0.0,4,Jakarta Barat,Toko F,5.0,Lighting
203,green screen dengan stand dan lighting duble softbox includ lampu 45 watt,795000,795000,0.0,32,Jakarta Pusat,Toko I,4.9,Lighting
204,Aputure MC RGBWW LED Light Lampu Video Lighting Aputure Garansi Resmi,1564000,1564000,0.0,0,Tangerang,Toko G,,Lighting
205,GL-120 - Lavalier Microphone for Lightning Port - 1.5M Length,88900,88900,0.0,0,Jakarta Barat,Toko G,,Lighting
206,MINI LED W49 Video Lighting Ulanzi FREE Tripod Mini - Braket L Kamera,215000,215000,0.0,1,Jakarta Pusat,Toko M,5.0,Lighting
207,Paket Lengkap Background Foto Studio Lightning G1 Vlogger Youtuber,1650000,1650000,0.0,8,Jakarta Barat,Toko F,5.0,Lighting
208,Original DUZZONA Cable 3 in 1 Type C Lightning Micro USB 100W Fast Charging,247500,275000,10.0,0,Jakarta Selatan,Toko M,,Lighting
209,DUZZONA Original Cable Charger Type C Lightning PD Fast Charging Cable Data - C TO C,185000,185000,0.0,0,Jakarta Barat,Toko B,,Lighting
210,DUZZONA Original Cable 3 in 1 Type C Lightning Micro USB 100W Fast Charging,325000,325000,0.0,0,Jakarta Barat,Toko B,,Lighting
211,MCDODO Converter Apple Lighting To Jack 3.5mm Adapter Lightning Dual Converter Lighting CA-6340,289000,289000,0.0,5,Jakarta Barat,Toko I,5.0,Lighting
212,Original DUZZONA Cable Charger Kabel Data Lightning PD Type C To Type C 65W,274500,305000,10.0,0,Jakarta Selatan,Toko M,,Lighting
213,Zhiyun Molus G60 Combo Bi-Color Compact LED Lampu Lighting 60W Resmi,4430000,4430000,0.0,0,Tangerang,Toko G,,Lighting
214,Nanlite Parabolic Softbox 120cm Soft Box Studio Lighting,2280000,2280000,0.0,0,Jakarta Pusat,Toko M,,Lighting
215,Portrait Foto Studio Day Lighting Kit Youtube Vlog with Backdrop - LD-TZ30,1222000,1222000,0.0,0,Jakarta Barat,Toko AA,,Lighting
216,Reflektor besar 5in1 diffuser cahaya lighting reflector 5 in 1 difuser foto reflektor pemantul cahaya,59000,59000,0.0,0,Kab. Bekasi,Toko I,,Lighting
217,Foto Studio Lighting Kit Youtube Vlog TaffSTUDIO Portrait,242200,1807000,86.6,0,Jakarta Barat,Toko D,,Lighting
218,Ugreen MFi Charger 20W PD TYPE C Lightning iPhone Fast Charging 50799,215000,215000,0.0,16,Kab. Tangerang,Toko AB,4.8,Lighting
219,Foto Studio Lighting Kit Backdrop - TZ11A,871400,4020000,78.3,0,Jakarta Selatan,Toko AA,,Lighting
220,1 SET TRIPOD 2.8M + LAMPU PROFESIONAL LIGHTING 400W SOFT BALL LIGHT,1120000,1120000,0.0,0,Jakarta Utara,Toko L,,Lighting
221,Lampu LED 64 Panel Light Portable Mini Video Lighting - Black,133000,133000,0.0,0,Jakarta Barat,Toko AA,,Lighting
222,DUZZONA Original Cable Charger Kabel Data Lightning PD Type C To Type C 65W,255000,255000,0.0,0,Jakarta Barat,Toko B,,Lighting
223,Kabel Data Metal Magnetic X-Cable 360 For Lighting/Type C/ Micro USB,17510,18700,6.4,4,Jakarta Utara,Toko I,5.0,Lighting
224,Splitter Converter iPhone Lightning to Audio jack 3.5mm Connect With Bluetooth - converter audio iPhone,40000,40000,0.0,0,Sleman,Toko AC,,Lighting
225,Toocki TQ-WC01 Portable Wireless Charger Apple Watch - 38mm 40mm 41mm 42mm 44mm 45mm 49mm Series 1 2 3 4 5 6 7 8 SE 2022 Lightning Port,188100,190000,1.0,1,Bandung,Toko D,5.0,Lighting
226,OTG adapter iPhone - OTG iPhone USB 3.0 to Lightning - OTG Flasdisk iPhone,70000,70000,0.0,0,Sleman,Toko AC,,Lighting
227,Oraimo Data Cable Duraline 3 Kabel Android Type-C Lightning 2A Fast Charging Panjang 1 Meter OCD-M32/L32/C32,16915,39000,56.6,19,Jakarta Pusat,Toko B,4.9,Lighting
228,Original Official Asus Hard Case Lighting Armor Cover Rog Phone 3 2020 Hardcase Anti Knock Protection Drop Resistant Ori,1090000,1090000,0.0,0,Jakarta Pusat,Toko I,,Lighting
229,ROBOT RGL100 DATA CABLE LIGHTNING 100CM 2.1A KABEL CASAN IPHONE X 5 6 7 8 COLORFUL GEAR BODY,18000,18000,0.0,94,Bekasi,Toko AD,5.0,Lighting
230,Mainan Anak Disney Cars Lightning McQueen Set 7 in 1 - SK70327,489900,532400,8.0,0,Jakarta Barat,Toko L,,Lighting
231,Lampu Lightning Kamera Studio 160 LED - LD-160 - Black,276000,276000,0.0,0,Jakarta Barat,Toko AA,,Lighting
232,Photography Foto Studio Lighting Kit Youtube Vlog - D-HZ7 - Black,614000,614000,0.0,0,Jakarta Barat,Toko AA,,Lighting
233,Takara Bomber 80S Professional 80W Video LED Lampu Lighting Resmi,870000,870000,0.0,0,Tangerang,Toko G,,Lighting
234,GODOX SL-60W LED LIGHTING - LAMPU GODOX SL-60W,1350000,1350000,0.0,1,Cirebon,Toko C,5.0,Lighting
235,Softbox Lighting 50x70 cm universal mount lampu studio,149000,149000,0.0,5,Jakarta Timur,Toko B,5.0,Lighting
236,LED 176C Lighting Studio Video Photography BONUS Tripod,290000,290000,0.0,1,Jakarta Barat,Toko AE,,Lighting
237,Razer Key Light Chroma | Professional Lighting for Streaming / Gamer / YouTuber,4899000,4899000,0.0,0,Jakarta Pusat,Toko I,,Lighting
238,Softbox Reflektor Photography Studio Lighting Kit - KS62,2847400,2847400,0.0,0,Jakarta Barat,Toko O,,Lighting
239,Kabel USB Type C to Lighting 2 meter Cable Charging iphone 11 Original 1 Meter Kabel Charger Type C To Lightning,175000,175000,0.0,7,Jakarta Barat,Toko I,5.0,Lighting
240,Kabel HDMI ke Type C USB Micro Lightning Converter 3in1 2M PX MHA-130 MHL Smartphone HP Mirroring Converter HDMI to Micro Lightning Type C,269000,269000,0.0,6,Jakarta Barat,Toko I,4.3,Lighting
241,Mainan Anak Disney Cars Lightning McQueen Set 7 in 1,647900,780600,17.0,0,Jakarta Barat,Toko E,,Lighting
242,BUKU DESIGN RUMAH LIGHTING,85600,85600,0.0,0,Tangerang,Toko AF,,Lighting
243,TaffSTUDIO Photography Foto Studio Lightning Kit Youtube Vlog D-HZ7,663500,3311000,80.0,1,Jakarta Barat,Toko O,5.0,Lighting
244,Selens Meking Light Stand Photography Studio MF-6027B Heavy Duty For Studio Lighting | 697967 | SKU 1.030.0282,599000,599000,0.0,0,Jakarta Barat,Toko N,,Lighting
245,Softbox 2 Set Lengkap Reflektor Foto Video Studio Lighting Kit Adjust,945900,945900,0.0,0,Jakarta Barat,Toko I,,Lighting
246,Reflektor besar 5in1 diffuser cahaya lighting reflector jumbo 5 in 1 difuser foto reflektor pemantul cahaya,95000,95000,0.0,0,Kab. Bekasi,Toko I,,Lighting
247,Lampu Lighting Kamera Video 160 LED,305300,305300,0.0,0,Jakarta Barat,Toko G,,Lighting
248,PX MHA-130 Kabel HDMI ke Type C USB/Micro/Lightning Converter 3in1 2M,229000,229000,0.0,0,Jakarta Pusat,Toko AG,,Lighting
249,PX MHA-110U HDMI to USB Micro TypeC Lightning Converter TV IOS Android,220000,220000,0.0,0,Jakarta Pusat,Toko AG,,Lighting
250,Ugreen Kabel Lightning MFi Support For Ip 13 14 12 8 11 X XR XS X Max Ipad Support PD Charger 20Watt,235000,235000,0.0,0,Jakarta Barat,Toko X,,Lighting
251,Cermin Rias Bulat Cermin Round Lighting Ukuran Medium 60x60 cm,465000,465000,0.0,1,Bantul,Toko B,5.0,Lighting
252,Earphone Earpods Lightning Port for iPhone - E200,31400,185000,83.0,0,Jakarta Barat,Toko E,,Lighting
253,Portrait Foto Studio Lighting Kit Youtube Vlog - VL-9004 - Black,224000,224000,0.0,0,Jakarta Barat,Toko AA,,Lighting
254,Background Stand Foto Studio dan Lighting Full Set TaffSTUDIO LD-TZ11A,977300,977300,0.0,0,Jakarta Barat,Toko G,,Lighting
255,Softbox Lighting Studio Payung Reflektor 50x70cm Flash Speedlight,153900,153900,0.0,0,Jakarta Barat,Toko I,,Lighting
256,Lampu 96 LED Video Fill Lighting Lamp DSLR Hot Shoe 1 per 4 Drat Kamera HP,135000,135000,0.0,0,Jakarta Barat,Toko D,,Lighting
257,Foto Studio Lighting Kit with Backdrop - LD-TZ11A,821000,821000,0.0,0,Jakarta Barat,Toko AA,,Lighting
258,INBEX 210cm 2.1m Collapsible Light Stand for LED / Studio Lighting,59000,59000,0.0,0,Surabaya,Toko M,,Lighting
259,Payung Softbox Reflektor Lighting Foto Video Studio E27 Single Socket,93900,93900,0.0,0,Jakarta Barat,Toko I,,Lighting
260,Softbox Lighting Single Socket Lampu E27 Untuk Studio Foto Lighting,155000,155000,0.0,26,Jakarta Barat,Toko F,4.7,Lighting
261,Lighting Kamera DSLR 160 LED Filter Diffuser Lightdow Lampu Studio,294900,294900,0.0,0,Jakarta Barat,Toko I,,Lighting
262,PULUZ 30cm Photo Studio Mini Folding Portable Ring Light Lighting Shooting Tent Box Kit with 6 Colors Backdrops - SKU 1.007.0006 - PU5030,225000,225000,0.0,0,Jakarta Barat,Toko N,,Lighting
263,Kabel Lightning ke 3.5mm Headphone for iPhone 78X,16900,143000,88.2,1,Jakarta Barat,Toko E,5.0,Lighting
264,Baseus Nimble Series 2 in 1 Kabel Micro USB - Lightning 2A 23 CM - Black,54600,54600,0.0,37,Jakarta Barat,Toko AH,5.0,Lighting
265,VYATTA IZY LIGHTNING iPhone IOS Cable - Kabel Data FAST CHARGE,39015,99000,60.6,17,Jakarta Timur,Toko A,5.0,Lighting
266,SOUL SE180 Kabel Charger 3in1 Micro Lightning Type-C Fast Charging,25085,89000,71.8,44,Jakarta Barat,Toko E,4.9,Lighting
267,VYATTA GAMER LIGHTNING USB CABLE - FAST CHARGE GARANSI 12 BULAN,31365,75000,58.2,148,Jakarta Timur,Toko A,4.9,Lighting
268,VYATTA XTEN Magnet Cable - Kabel Data Lightning - iPhone - iPad - Anti Kusut - Fast Charge,56015,148000,62.2,7,Jakarta Timur,Toko A,5.0,Lighting
269,Oraimo Data Cable Candy Kabel Data 5V 2.1A Fast Charging Micro USB Type-C Lightning Safe Protection OCD-M22 OCD-C22 OCD-L22,12665,39000,67.5,5,Jakarta Pusat,Toko B,5.0,Lighting
270,VYATTA IZY Lightning USB CABLE - FAST CHARGE GARANSI 12 BULAN,39015,99000,60.6,14,Jakarta Timur,Toko A,5.0,Lighting
271,"VYATTA LED Kabel Data Lightning, LED Light, Fast Charging",30515,99000,69.2,0,Jakarta Timur,Toko A,,Lighting
272,Softbox Full Set Payung Reflector Portrait Foto Studio Lighting Kit,483900,483900,0.0,0,Jakarta Barat,Toko I,,Lighting
273,Payung Lighting Studio Reflective Umbrella Photography Diameter 80CM,45900,45900,0.0,0,Jakarta Barat,Toko I,,Lighting
274,Selens 100x100cm 20 Pcs Gel Filter Color Temperature Efek Warna Video Foto Gel Filter Sheets Color Lighting Paper | 1.030.0157 | TZ755490,972000,972000,0.0,0,Jakarta Barat,Toko N,,Lighting
275,TaffSTUDIO Lightdow Lighting Kamera 160 LED - LD-160 ATAU Lampu Flash Kamera DSLR - Lightning Kamera - 160 LED Video LED Taffware Lighting Kamera 160,249147,251664,1.0,0,Jakarta Barat,Toko P,,Lighting
276,Portable Light Stand Tripod 180cm for Studio Lighting W803,47300,310000,84.7,0,Jakarta Barat,Toko K,,Lighting
277,Payung Softbox Reflektor Lighting TaffSTUDIO 50x70cm E27 Single Socket,69900,316800,77.9,0,Jakarta Barat,Toko K,,Lighting
278,Tiang Lampu Portable Light Stand Tripod 200cm for Studio Lighting,55900,55900,0.0,0,Jakarta Barat,Toko I,,Lighting
279,Softbox Lighting Studio Payung Reflektor Portable 50x70cm Flash Mount,113800,113800,0.0,0,Jakarta Barat,Toko I,,Lighting
280,Lampu Foto Video Studio Lighting LED 300W Cool White Adjustable Remote,624900,624900,0.0,0,Jakarta Barat,Toko I,,Lighting
281,Godox LEDP260C Video Light LED Continuous Lighting,890000,890000,0.0,9,Jakarta Barat,Toko G,4.3,Lighting
282,VYATTA ULTRA SLIM XS POWERBANK POWER BANK 15W 2IN1 LIGHTNING TYPE C,203150,389000,47.8,0,Jakarta Timur,Toko A,,Lighting
283,Safstar Softbox Reflektor Photography Foto Studio Lighting Kit Youtube Vlog - KS62 - Black,775000,775000,0.0,0,Jakarta Barat,Toko AA,,Lighting
284,UGREEN Kabel Data Charger Type C to Lightning iPhone 1M 3A 20W MFi Fast Charging - 10493,129000,129000,0.0,7,Kab. Tangerang,Toko AB,5.0,Lighting
285,Paket Lighting Studio Youtube Vlog,268800,268800,0.0,0,Jakarta Barat,Toko G,,Lighting
286,MIDIO Payung Octagonal Softbox Reflektor Flash Lighting ukuran 80 CM,444000,444000,0.0,3,Jakarta Barat,Toko F,5.0,Lighting
287,Softbox Reflektor Photography Studio Lighting Kit,1390000,1390000,0.0,0,Jakarta Pusat,Toko AI,,Lighting
288,Microphone Clip-on Lightning Plug iPad iPhone - USB Type C - Mic Clip - TaffSTUDIO JH-041,52500,52500,0.0,1,Tangerang,Toko AG,5.0,Lighting
289,LD-160 HD-160 LED Video Lighting Studio Lamp Lampu Studio Foto BONUS Gorilla Pod,282000,282000,0.0,164,Jakarta Barat,Toko AE,4.8,Lighting
290,Lampu LED Lighting Studio Foto Video Live With Clamp Holder Remote,233900,233900,0.0,0,Jakarta Barat,Toko I,,Lighting
291,Bright Titan X3 LED White Lampu Studio Background Lighting Studio Foto,405000,405000,0.0,1,Jakarta Barat,Toko F,5.0,Lighting
292,VYATTA All In One Cable - Kabel Data Micro - Type C - Lightning - Power Delivery - Phone Stand - Super Fast Data Transfer,84915,239000,64.5,91,Jakarta Timur,Toko A,5.0,Lighting
293,Oraimo Powerbank 10000mAH Real Capacity Fast Charging Slice Link 12W Built-in Cables Micro USB Lightning Type-C OPB-P5101,169915,299000,43.2,1,Jakarta Pusat,Toko B,5.0,Lighting
294,Selens Lampu 230V 1000W Film Television Reflected Light Quartz Lamp Halogen Light Spotlight G15 Bulb for Stage Lighting | 840514 | SKU 1.030.0297,199000,199000,0.0,0,Jakarta Barat,Toko N,,Lighting
295,Portable Light Stand Tripod 180cm for Studio Lighting,58100,58100,0.0,0,Surabaya,Toko B,,Lighting
296,Tripod Stand 2M Light Stand Studio Lighting,139000,139000,0.0,186,Jakarta Barat,Toko F,4.9,Lighting
297,Bright Titan X1 RGB LED Lampu Studio Lighting RGB Lampu Studio Foto,415500,415500,0.0,10,Jakarta Barat,Toko F,5.0,Lighting
298,LED Bi-Color Dual Bar Glam Ring Light Stand X Lamp Lampu Rias Makeup Make Up MUA Pro One D-24HL Live Beauty Lighting Dua,663000,663000,0.0,0,Surabaya,Toko G,,Lighting
299,TaffSTUDIO Portrait Foto Studio Lighting Kit Youtube Vlog - VL-9004,392200,392200,0.0,0,Jakarta Barat,Toko AJ,,Lighting
300,TaffSTUDIO Photography Foto Studio Lighting Kit Youtube Vlog - D-HZ7,625400,625400,0.0,0,Jakarta Barat,Toko AJ,,Lighting
301,Lampu Studio LED 2 Warna Dimmable Lighting 30W LCD Display Remote,1112900,1112900,0.0,0,Jakarta Barat,Toko I,,Lighting
302,Perlengkapan Foto Studio Lighting Backdrop Stand Set Softbox Bohlam,997900,997900,0.0,0,Jakarta Barat,Toko I,,Lighting
303,LED Yongnuo YN 600 air -Video Lighting YN-600 Plus Adaptor AC power,1149000,1149000,0.0,0,Jakarta Pusat,Toko M,,Lighting
304,Kabel Charger Aukey CB-AL01 90 2M USB-A to Lightning Mfi - 501754,125000,639000,80.4,0,Jakarta Barat,Toko P,,Lighting
305,Aukey Cable CB-AKL1 MFI USB A To Lightning Kevlar 1.2 M Blue - 500421,165000,649000,74.6,70,Jakarta Barat,Toko P,4.8,Lighting
306,Aukey Cable CB-AKL1 MFI USB A To Lightning Kevlar Cable 1.2M Black- 500420,165000,649000,74.6,28,Jakarta Barat,Toko P,4.7,Lighting
307,Cermin Beauty Mirror Wall size Medium 40x60cm dengan LIGHTING,425000,425000,0.0,0,Bantul,Toko B,,Lighting
308,iMac Lighting Lampu Senter Kepala Led Putih Terang ASC 8002 BB,35000,35000,0.0,0,Jakarta Pusat,Toko V,,Lighting
309,Raket Nyamuk Swatter Lightning - LY80,33100,152000,78.2,1,Jakarta Barat,Toko G,,Lighting
310,Headlamp LED Multifunction Outdoor Lighting 3W GD63,22200,100200,77.8,0,Jakarta Barat,Toko E,,Lighting
311,Lampu Foto Studio Portrait Lighting Kit Youtube Vlog Unboxing - LD-TZ07A - Black,389000,389000,0.0,0,Jakarta Barat,Toko AA,,Lighting
312,Foto Studio Lighting Kit with Backdrop,1400000,1400000,0.0,0,Cilegon,Toko O,,Lighting
313,TaffSTUDIO Light Stand Tripod Studio Lighting 4 Section 180cm - FXFZ01,66800,66800,0.0,0,Jakarta Barat,Toko AJ,,Lighting
314,Perlengkapan Lampu Foto Studio Set Lightning Stand Softbox Boom arm,767900,767900,0.0,0,Jakarta Barat,Toko I,,Lighting
315,Photography Foto Studio Lightning Kit Youtube Vlog D-HZ7,999000,999000,0.0,0,Cilegon,Toko O,,Lighting
316,Portrait Foto Studio Day Lightning Kit Youtube Vlog with Backdrop,1400000,1400000,0.0,0,Cilegon,Toko O,,Lighting
317,LED video portable lighting dslr camcorder lampu led vidio kamera video light Led lampu kamera foto video Ligh led putih,77000,77000,0.0,0,Kab. Bekasi,Toko I,,Lighting
318,Ring Light LED 26cm 3500-5600k Lighting Ringlight Make Up -DLL,355000,355000,0.0,0,Jakarta Pusat,Toko M,,Lighting
319,Stand Bracket Boom Pool MicrophoneShot gun Lighting Film Video Maker Studio,96900,392000,75.3,0,Jakarta Barat,Toko K,,Lighting
320,Joyseus Charger Fast Charging Free Kabel Micro Type C Lighting - CL0023,64900,99000,34.4,45,Jakarta Utara,Toko AK,5.0,Lighting
321,Adapter Converter Lightning to HDMI VGA with Audio Port,129000,673000,80.8,3,Jakarta Barat,Toko E,4.0,Lighting
322,Nyamuk USB Rechargeable Lightning Mosquito Racket - RE9,72000,378000,81.0,1,Jakarta Barat,Toko E,5.0,Lighting
323,Power Bank 2 Port Micro USB Lightning Type C 20000mAh,329700,397200,17.0,0,Jakarta Barat,Toko E,,Lighting
324,Power Bank Solar 2 Port 10000 mAh Micro Lightning Type C,122000,618000,80.3,0,Jakarta Barat,Toko E,,Lighting
325,Nanlite FS-150 Spot Light LED Video Light Studio Lighting FS150,3820000,3820000,0.0,0,Jakarta Pusat,Toko M,,Lighting
326,Nanlite FS-300 Spot Light LED Video Light Studio Lighting FS300,7320000,7320000,0.0,0,Jakarta Pusat,Toko M,,Lighting
327,Paket Tiang Stand Lampu Payung Lighting Reflektor Softbox Studio Foto,467500,467500,0.0,0,Jakarta Barat,Toko G,,Lighting
328,Boya BY-WM3T2-D2 Mini 2.4GHz Wireless Microphone Lightning iOS Device,925000,925000,0.0,1,Surabaya,Toko I,5.0,Lighting
329,Paket Lighting Tolifo EF60W + Lantern Softbox Stand- Equal Godox SL60W,950000,950000,0.0,1,Tangerang,Toko AL,5.0,Lighting
330,Paket Foto Studio Kit All in with Backdrop Lighting Stand Softbox,768200,2514000,69.4,0,Jakarta Barat,Toko K,,Lighting
331,Baseus Kabel Data Charger 3in1 3.5A 1.2M MicroUSB Type c Apple iPhone Lightning 3 in 1 Kabel Set Fastcharging,59000,59000,0.0,494,Kab. Tangerang,Toko AB,4.9,Lighting
332,Hollyland LARK C1 DUO Wireless Microphone for Lightning iOS iPhone,2499000,2499000,0.0,0,Surabaya,Toko I,,Lighting
333,Paket lighting foto studio set background stand softbox lampu studio foto studio vlog youtube review,655000,720000,9.0,29,Bandung,Toko G,4.8,Lighting
334,Mixer Lampu Stage Lighting Controller DMX Console DJ 192CH,373500,1881000,80.1,0,Jakarta Barat,Toko E,,Lighting
335,Power Bank 2 Port 10000mAh MicroUSB Lightning Type C,101800,513600,80.2,0,Jakarta Barat,Toko E,,Lighting
336,Power Bank 1 Port 10000mAh Kabel Micro Type C dan Lightning,76700,383400,80.0,0,Jakarta Barat,Toko E,,Lighting
337,Helm Las Otomatis Auto Darkening Motif Lightning - HW-013,615100,741000,17.0,0,Jakarta Barat,Toko E,,Lighting
338,kabel Data Cable Data 3 In 1 Lighting Micro USB Type-C JOYSEUS 120CM Fast Charging Blue - KB0040,34900,90000,61.2,486,Jakarta Utara,Toko AK,4.9,Lighting
339,Murah !!! Lampu Flash Studio 1030 A Professional Lighting 10 Led Besar,900000,900000,0.0,0,Jakarta Barat,Toko Q,,Lighting
340,Murah !!! Lampu Studio Video Lighting Red Head 800w,850000,850000,0.0,59,Jakarta Barat,Toko Q,4.2,Lighting
341,Murah !!! Lampu Flash Studio Led Video Lighting Yong Nuo YN 600 L Professional,1560000,1560000,0.0,0,Jakarta Barat,Toko Q,,Lighting
342,Lampu Studio Godox SK300II Lighting Studio Godox SK 300 II,1635000,1635000,0.0,0,Jakarta Barat,Toko Q,,Lighting
343,Murah !!! Lampu Flash Studio Led Lighting Yongnuo YN 300 L II PROFESSIONAL,925000,925000,0.0,0,Jakarta Barat,Toko Q,,Lighting
344,Lampu Studio Godox SK 400 II Lighting Studio SK400II,1750000,1750000,0.0,0,Jakarta Barat,Toko Q,,Lighting
345,BOYA BY-K3 Converter Audio Cable Adapter 3.5mm TRRS to Lightning iOS,199000,199000,0.0,0,Surabaya,Toko I,,Lighting
346,Kabel Data iPhone Baseus Lightning Kevlar Cable Fast Charge Original,39000,39000,0.0,83,Bandung,Toko G,4.9,Lighting
347,Godox S-Type Softbox untuk Pencahayaan Kamera Foto Studio Photo Studio Lighting Camera Flash Diffuser with Bowens Mount for Speedlite 40 X 40CM,251000,502000,50.0,0,Jakarta Barat,Toko AM,,Lighting
348,Kabel data Apple Lighting Cable Iphone 2.0A JOYSEUS 100 CM - KB0006-L,18000,70000,74.3,86,Jakarta Utara,Toko AK,5.0,Lighting
349,Kabel Data Cable Data 3 In 1 MIcro USB Type-C Lighting JOYSEUS Black - KB0021,34900,70000,50.1,558,Jakarta Utara,Toko AK,4.9,Lighting
350,Kabel Data Cable Data 90 Degree Apple Lighting Iphone 2.4A JOYSEUS 100CM - KB0066,24900,60000,58.5,259,Jakarta Utara,Toko AK,4.9,Lighting
351,Kabel data Cable data Apple Lighting Cable Iphone JOYSEUS 100 CM Nylon Braided Black - KB0005-LL,14900,25000,40.4,701,Jakarta Utara,Toko AK,4.9,Lighting
352,Kabel Data Cable Data Apple Lighting Cable Iphone 120 CM JOYSEUS Blue KB0001,29900,55000,45.6,89,Jakarta Utara,Toko AK,5.0,Lighting
0,SPEEDS Tenda Lipat Bazar Tenda Jualan Otomatis Rangka Putih 3x3m 030-2 - 3 BIRU 2x2,513000,513000,0.0,0,Surabaya,Sunly Store.,4.9,Tenda
1,Tenda Lipat Matic import 2x2 full dinding 3sisi,870000,870000,0.0,0,Jakarta Barat,PASAI STORE,,Tenda
2,Tenda Lipat 2x2 meter - Biru,655000,655000,0.0,0,Jakarta Barat,Grosir aneka tenda,,Tenda
3,tenda uk 3x3 printing,1650000,1650000,0.0,0,Jakarta Barat,Gerosir tenda terpal,5.0,Tenda
4,tenda lipat 2x2,680000,680000,0.0,0,Jakarta Barat,TendaLipat Hoka,4.8,Tenda
5,Sewa Rental Tenda Bazar 3x3 Jakarta Paket Meja dan Kursi,300000,300000,0.0,0,Jakarta Barat,CLARION STORE.,,Tenda
6,Sewa tenda cafe 3x3,200000,200000,0.0,0,Jakarta Selatan,Bordiz,,Tenda
7,Sewa tenda bayung parasol ( WA.085774376837 ),650000,650000,0.0,0,Jakarta Selatan,Bordiz,,Tenda
8,Sewa Tenda payung parasol,500000,500000,0.0,0,Kab. Bogor,bangbewe shop,,Tenda
9,Sewa Tenda Kerucut 3x3,250000,250000,0.0,0,Jakarta Selatan,Bordiz,,Tenda
10,Sewa tenda bazzar krucut ukuran 3x3,325000,325000,0.0,0,Tangerang Selatan,tendakita_id,,Tenda
11,Sewa Tenda Sarnavil,350000,350000,0.0,0,Jakarta Selatan,Bordiz,,Tenda
12,sewa tenda cafe 2x2 putih,130000,130000,0.0,0,Jakarta Selatan,Bordiz,,Tenda
13,Blackdeer Tenda Camping Canopy Dreamland Tent 4P - BD12011113,2650000,2650000,0.0,0,Jakarta Utara,Blackdeer Indonesia,,Tenda
14,Kerangka Tenda Lipat 2x2 Premium (Tidak Termasuk Atap Tenda) - Tanpa Atap,914500,914500,0.0,0,Jakarta Barat,CV Luxury Care,,Tenda
15,"TENDA CAFE UKURAN 1.5X2 FULLSETT - 2 Warna Combina, 1.5x2",565000,565000,0.0,0,Depok,Elvina Tenda,5.0,Tenda
16,tenda kerucut 3x3 stand bahan branding ,2400000,2400000,0.0,0,Bandung,tendajjm,,Tenda
17,tenda 2x2 Rs - Biru,625000,625000,0.0,0,Jakarta Barat,yara tenda,4.9,Tenda
18,Voucher Sewa Tenda Nikahan & Sunatan dan peralatan,100000,100000,0.0,0,Tangerang Selatan,de-online,,Tenda
19,Sewa Rental Tenda Sarnafil Kerucut 5x5 Jakarta,650000,650000,0.0,5,Jakarta Barat,CLARION STORE.,,Tenda
20,Sewa Tenda Sarnafil 5x5 di Depok,200000,700000,71.4,0,Depok,Zein Event Store,,Tenda
21,Sewa Tenda Sarnavil 3x3,175000,350000,50.0,0,Jakarta Selatan,Bordiz,,Tenda
22,MAINAN TENDA ANAK SEWA MAINAN BANDUNG,350000,100000,-250.0,0,Bandung,Akitoys Rental Bandung,,Tenda
23,Zein Event Store,90000,90000,0.0,0,Depok,Zein Event Store,,Tenda
24,Atap tenda bongkar pasang 2×2 - Putih,200000,675000,70.4,0,Jakarta Utara,Toko Terpal Kota,,Tenda
25,Toko Terpal Kota,675000,675000,0.0,0,Jakarta Utara,Toko Terpal Kota,5.0,Tenda
26,Double Layer Door Camping Tent / Tenda Camping,199000,199000,0.0,0,Jakarta Barat,GUSh,5.0,Tenda
27,Double Layer Door Camping Tent / Tenda Camping - ZP327,257530,257530,0.0,0,Jakarta Barat,pengusaha muda sukses 33,,Tenda
28,SEWA TENDA DEKORASI MEWAH MURAH DAERAH SENEN JAKARTA PUSAT,25000,25000,0.0,0,Jakarta Selatan,Alat Pesta Kalibata,,Tenda
29,Terpal Ukuran 3X6 Type A12 Bagus Buat Kolam Tenda Sewa Alas Duduk Dlll,400000,400000,0.0,0,Jakarta Barat,kayla293,,Tenda
30,SEWA TENDA SARNAFIL 3x3 MURAH,350000,350000,0.0,0,Depok,EMPAT CAHAYA CORP,,Tenda
31,Sewa Tenda Sarnavil 3x3 085711560826,350000,350000,0.0,0,Jakarta Selatan,Bordiz,,Tenda
32,sewa tenda sarnavil UK 3x3 &5x5,500000,500000,0.0,0,Jakarta Selatan,Musliman jasa rental,,Tenda
33,Sewa tenda roder ukuran besar include pintu kaca,55000,55000,0.0,0,Bekasi,LAZYBEAN,,Tenda
34,sewa tenda pesta dekorasi,40000,40000,0.0,0,Jakarta Selatan,Lautan Tenda,,Tenda
35,sewa tenda murah | klik aja,20000,20000,0.0,0,Jakarta Selatan,Media-Langit,,Tenda
36,Sewa Mainan Anak Termurah Tenda Frozen,180000,180000,0.0,0,Jakarta Barat,YeoboRentIndo,,Tenda
37,Kursi Plastik Napolly Makan Restauran Cafe Sewa Tenda Pesta Best,235000,235000,0.0,0,Jakarta Pusat,ayinafanisa_xbd,,Tenda
38,JASA SEWA TENDA PARASOL,650000,650000,0.0,0,Jakarta Selatan,SEWATENDAJKT,,Tenda
39,SEWA TENDA SARNAVIL. SEWA TENDA KERUCUT,550000,550000,0.0,0,Kab. Sukabumi,Nineties productive,,Tenda
40,SEWA TENDA DAN DECOR TERMURAH ✌,45000,45000,0.0,0,Bandung,Hania3214,,Tenda
41,Double Dome G3Dz kapasitas 3 / 4 orang (sewa tenda camping),311000,311000,0.0,0,Tangerang,Gtgaid,,Tenda
42,SEWA TENDA ACARA PERNIKAHAN,35000000,35000000,0.0,0,Kab. Tangerang,Jual Tenda Tanferang,,Tenda
43,Sewa Tenda Camping Double Dome G5DS kap 5 orang plus serambi,335000,335000,0.0,0,Tangerang,Gtgaid,,Tenda
44,Sewa tenda cafe 3x3 biru,2020000,2020000,0.0,1,Jakarta Selatan,arini shop jkt,3.0,Tenda
45,Sewa Tenda Sarnafil / Tenda Kerucut,550000,550000,0.0,0,Jakarta Selatan,Bimasakti Tenda,,Tenda
46,paket wisata/camping sewa tenda danau cileunca pengalengan,600000,600000,0.0,0,Kab. Bandung,indra adventure cileunca,,Tenda
47,Sewa Tenda Pesta Best,89000,89000,0.0,0,Bekasi,bazack212,,Tenda
48,Sewa Tenda Cafe 2x2 Ismile Preschool Menteng,1394000,1394000,0.0,1,Jakarta Selatan,arini shop jkt,5.0,Tenda
49,Tenda Camping Double Dome zebra C4DZ kapasitas 4 / 5 orang (sewa),329000,329000,0.0,0,Tangerang,Gtgaid,,Tenda
50,sewa tenda dekorasi murah,30000,30000,0.0,0,Jakarta Selatan,Media-Langit,,Tenda
51,Dodo Khusus Sewa Dekorasi / Tenda Dan Pelaminan Wedding Pekanbaru Dan,1510000,1510000,0.0,0,Jakarta Pusat,dodopaci,,Tenda
52,SEWA TENDA ACARA PT. ANGKASA PURA,35500000,35500000,0.0,0,Kab. Tangerang,Jual Tenda Tanferang,,Tenda
53,SEWA TENDA CAMPING,50000,50000,0.0,0,Makassar,Radiant Life Excursion,,Tenda
54,Sewa tenda & dekorasi nikahan murah,25850,25850,0.0,0,Tangerang,AYASBI Decoration,,Tenda
55,Sewa tenda dome jogja,30000,30000,0.0,0,Kab. Bantul,Sewa tenda dan dekorasi pelaminan ,,Tenda
56,Sewa Tenda Cafe VIP,3000000,300000,-900.0,0,Jakarta Selatan,Media-Langit,,Tenda
57,Sewa Tenda Sarnafil Uk 5x5,329000,750000,56.1,0,Pekanbaru,Garfari Teknik,,Tenda
58,"partisi tenda, even, mall, bazar, expo sewa murah bekasi, jakarta P37",305000,150000,-103.3,0,Bekasi,Serba Paling Murah,,Tenda
59,Sewa Rental Tenda Kerucut 3x3m Jakarta,600000,300000,-100.0,0,Jakarta Barat,CLARION STORE.,,Tenda
60,sewa tenda plafon permeter murah,45000,25000,-80.0,0,Jakarta Selatan,Rental alat event Jakarta,,Tenda
61,Hnfh07 Sewa Tenda Pesta Promo,85000,85000,0.0,0,Bekasi,shops abianyu,,Tenda
62,tenda bongkar pasang,2000000,2000000,0.0,0,Jakarta Barat,Gerosir tenda terpal,,Tenda
63,Tenda Kerucut 3x3 | Tenda Promosi Event,3450000,3450000,0.0,0,Bandung,Atallah Outdoor,5.0,Tenda
64,RANGKA TENDA LIPAT 2x2 Kerangka Tenda Lipat,800000,640000,-25.0,0,Jakarta Timur,Hits Company,,Tenda
65,,280000,280000,0.0,0,Jakarta Barat,Kawthar_StoreID,5.0,Tenda
66,Atap tenda cafe 3x3 merah - Request warna,350000,350000,0.0,0,Depok,Sumbertenda,,Tenda
67,ALLTREK Tenda Camping ECLIPTA BLACK 4P Double Layer Waterproof Tent ,3500000,3500000,0.0,0,Jakarta Barat,ALLTREK Indonesia,,Tenda
68,Tenda Lipat 3x3 M Tenda Bazar Pameran Tend 3 x 3 Parkir Portable Lipat - Biru,830000,830000,0.0,0,Tangerang,langgengjayairawan,5.0,Tenda
69,tenda lipat matic import 2x2 full dinding 3sisi,850000,850000,0.0,0,Jakarta Barat,TendaterpalShop,4.9,Tenda
70,"Tenda Lipat 2x2, Tenda Untuk Stand Dan Pameran",635000,635000,0.0,0,Kab. Tangerang,Terpalshopp,5.0,Tenda
71,sewa tenda transparan VIP,95000,95000,0.0,0,Jakarta Selatan,Bimasakti Tenda,,Tenda
72,sewa tenda bazar,555555,555555,0.0,0,Grosir,Kab. Bandung,,Tenda
73,SEWA TENDA GUDANG,55000000,55000000,0.0,0,Kab. Tangerang,Jual Tenda Tanferang,,Tenda
74,Sewa Tenda Roder Full Dekorasi,120000,120000,0.0,0,Makassar,CV. Rachmat,,Tenda
75,SEWA. Tenda Kastil Bermain Anak Speeds Model Castle Portable,60000,60000,0.0,0,Kab. Jember,KapaCil,,Tenda
76,sewa tenda acara jakarta,50000,50000,0.0,0,Jakarta Barat,penyewaan tenda,,Tenda
77,Sewa Tenda Kerucut 3x3,500000,500000,0.0,0,Tangerang,Rental Alat Pesta,,Tenda
78,sewa tenda cafe 2x2 paket meja,85000,85000,0.0,0,Jakarta Selatan,Ind.Decoration Jaya Berkah,,Tenda
79,sewa tenda sarnavil 3x3,400000,400000,0.0,0,Jakarta Selatan,Rental Property Event,,Tenda
80,Sewa tenda sarnafil 5x5,650000,650000,0.0,0,Tangerang Selatan,Dally decoration,,Tenda
81,Tenda Promosi Uk. 3x3,2000000,2000000,0.0,0,Jakarta Pusat,Aslam Jaya Tenda,,Tenda
82,tenda lipat 2x2 premium 1 2mm,850000,850000,0.0,0,Jakarta Barat,Agam jaya tenda terpal,,Tenda
83,Tenda lipat 3x3 full branding bisa pakai logo dan tulisan sendiri,1350000,1350000,0.0,0,Jakarta Barat,Arsella Tenda,,Tenda
84,"TENDA CAFE UKURAN 3X3 FULLSETT - Pink, 3x3",950000,950000,0.0,0,Depok,Elvina Tenda,4.3,Tenda
85,tenda lipat premium uk 2x2 - Hijau,950000,950000,0.0,0,Jakarta Barat,Gerosir tenda terpal,,Tenda
86,Sewa Tenda Pramuka,30000,30000,0.0,0,Jakarta Selatan,Bordiz,4.7,Tenda
87,Alat Pesta Kalibata,45000,45000,0.0,0,Jakarta Selatan,Alat Pesta Kalibata,,Tenda
88,terpal tenda terop/kain tenda sewa 4×6,1000000,1000000,0.0,0,Grosir,Kab. Gresik,,Tenda
89,TERPAL MAKMUR JAYA ABADI,350000,350000,0.0,0,Jakarta Selatan,Babyvizta,,Tenda
90,✲✅ SEWA TENDA DECOR MURAH,83000,83000,0.0,0,Jakarta Pusat,raeshopss,,Tenda
91,"ready ! sewa tenda, isi gas portable & alat camping surabaya",5000,5000,0.0,0,Magelang,Arthur Star,,Tenda
92,Sewa Tenda Cafe | Bazaar | Acara 3x3 Paket 2 Meja,150000,150000,0.0,0,Jakarta Selatan,Ind.Decoration Jaya Berkah,,Tenda
93,sewa tenda bazzar 2x2,125000,125000,0.0,0,Tangerang Selatan,tendakita_id,,Tenda
94,sewa tenda plafon,25000,25000,0.0,0,Depok,Depok Tenda,,Tenda
95,tenda lipat matic uk 2x2 Ket 08 - Merah,650000,650000,0.0,0,Jakarta Barat,ATAKANA TENDA,4.8,Tenda
96,Tenda Lipat 3x3 M Tenda Bazar Pameran Tenda Jualan Otomatis 030-1,541500,541500,0.0,0,Surabaya,Speeds Official Store,,Tenda
97,Tenda Lipat 3x3 High Quality Untuk Pameran Atau Bazar - Merah,1130000,1130000,0.0,0,Kab. Tangerang,Terpalshopp,5.0,Tenda
98,tenda lipat ukuran 3x3 printing,1450000,1450000,0.0,0,Jakarta Barat,PASAI STORE,,Tenda
99,"tenda promosi 3x3 piramid,tenda event,tenda kafe",1700000,1700000,0.0,0,Bandung,tendajjm,5.0,Tenda
100,Sewa Rental Tenda Sarnafil 3x3 Jakarta,400000,400000,0.0,0,Jakarta Barat,CLARION STORE.,,Tenda
101,SEWA TENDA KERUCUT MURAH KEDOYA SELATAN JAKARTA BARAT,400000,400000,0.0,0,Jakarta Selatan,Alat Pesta Kalibata,,Tenda
102,Sewa Tenda Sunatan Komplit,12500,12500,0.0,0,Tangerang,AYASBI Decoration,,Tenda
103,sewa tenda bazar sejabodetabek,250000,250000,0.0,0,Jakarta Selatan,Rental alat event Jakarta,,Tenda
104,sewa tenda dekorasi,45000,45000,0.0,0,Jakarta Selatan,Mutiara Pesta,,Tenda
105,SEWA TENDA KERUCUT MEWAH MURAH DAERAH KEBAGUSAN JAKARTA,400000,400000,0.0,0,Jakarta Selatan,Alat Pesta Kalibata,,Tenda
106,SEWA TENDA MURAH DAERAH KEMANGGISAN JAKARTA BARAT,1000,1000,0.0,0,Jakarta Selatan,Alat Pesta Kalibata,,Tenda
107,Tangerang Selatan,50000,50000,0.0,0,Tangerang Selatan,Dally decoration,,Tenda
108,Alat Pesta Kalibata,400000,400000,0.0,0,Tangerang Selatan,Indoprima Tenda,,Tenda
109,SEWA TENDA KERUCUT MURAH BUKIT DURI JAKARTA SELATAN,400000,400000,0.0,0,Jakarta Selatan,Alat Pesta Kalibata,,Tenda
110,Sewa tenda transparan ,80000,80000,0.0,0,Tangerang Selatan,Dally decoration,,Tenda
111,SEWA TENDA KERUCUT MURAH TERBAIK DAERAH KUNINGAN BARAT JAKARTA SELATAN,400000,400000,0.0,0,Jakarta Selatan,Alat Pesta Kalibata,,Tenda
112,SEWA TENDA ANAK JUMBO KHUSUS WILAYAH SERANG-CILEGON,45000,45000,0.0,0,Kab. Serang,Mamayaya Store,,Tenda
113,Sewa tenda dan dekorasi pelaminan by gress salon,3000000,3000000,0.0,0,Jakarta Selatan,Sales Nissan,,Tenda
114,Sewa Tenda cave 2x2 1 paket,200000,200000,0.0,0,Jakarta Selatan,Bordiz,,Tenda
115,Promo Sewa Tenda Bazar EventPensiPameranPestaKemah Berkualitas,240000,240000,0.0,0,Kab. Sukoharjo,bagas arjuna98,,Tenda
116,SEWA TENDA KERUCUT MURAH KAPUK MUARA JAKARTA UTARA,400000,400000,0.0,0,Jakarta Selatan,Alat Pesta Kalibata,,Tenda
117,Sewa Rental Tenda Sarnafil Kerucut 5x5 (versi Jendela) Jakarta,850000,850000,0.0,0,Jakarta Barat,CLARION STORE.,,Tenda
118,Dijual Sewa Tenda Bazar EventPensiPameranPestaKemah Diskon,300000,300000,0.0,0,Kab. Sukoharjo,bagas arjuna98,,Tenda
119,Sewa Tenda Jogja,20000,20000,0.0,0,Yogyakarta,Doly Gear,,Tenda
120,Sewa Rental Tenda Bazar VIP 2x2m Jakarta Tenda Cafe,200000,200000,0.0,0,Jakarta Barat,CLARION STORE.,,Tenda
121,Sewa Tenda Cafe | Bazaar | Acara 3x3 Paket Lengkap 2,215000,215000,0.0,0,Jakarta Selatan,Ind.Decoration Jaya Berkah,,Tenda
122,sewa tenda sarnavil 3x3,500000,500000,0.0,0,Tangerang Selatan,ALF_TendaDECORATION,,Tenda
123,"Sewa Tenda,Meja,Kursi, alat event",17000,17000,0.0,0,Jakarta Selatan,Shezy sukses,,Tenda
124,Sewa Tenda Cafe | Bazaar | Acara 3x3 Paket Lengkap 1 ,175000,175000,0.0,0,Jakarta Selatan,Ind.Decoration Jaya Berkah,,Tenda
125,SEWA TENDA KERUCUT ATAU SARNAFIL MURAH DAERAH PONDOK KELAPA JAKARTA,400000,400000,0.0,0,Jakarta Selatan,Alat Pesta Kalibata,,Tenda
126,SEWA TENDA DEKORASI MURAH UNTUK ACARA VAKSIN KUNINGAN JAKARTA SELATAN,45000,45000,0.0,0,Jakarta Selatan,Alat Pesta Kalibata,,Tenda
127,Sewa Rental Tenda Sarnafil Kerucut 5x5 (tanpa dinding),550000,550000,0.0,0,Jakarta Barat,CLARION STORE.,,Tenda
128,jual dan sewa tenda nikah,40000000,40000000,0.0,0,Jakarta Selatan,DaniToko,,Tenda
129,sewa tenda transparant,65000,65000,0.0,0,Jakarta Selatan,Mutiara Pesta,,Tenda
130,sewa tenda event dan nikah dan lain lain,45000,45000,0.0,0,Tangerang Selatan,ALF_TendaDECORATION,,Tenda
131,Sewa tenda cafe 2x2,150000,150000,0.0,0,Jakarta Selatan,Bordiz,,Tenda
132,Sewa Mainan Anak Termurah Tenda Intex Camp + Evamat,230000,230000,0.0,0,Jakarta Barat,YeoboRentIndo,,Tenda
133,Sewa Tenda Flapon,25000,25000,0.0,0,Jakarta Selatan,Bordiz,,Tenda
134,sewa tenda sarnafil 3x3 event,400000,400000,0.0,0,Jakarta Selatan,Rental alat event Jakarta,,Tenda
135,sewa tenda sarnafil 5x5 event,600000,600000,0.0,0,Jakarta Selatan,Rental alat event Jakarta,,Tenda
136,sewa tenda bazar,70000,70000,0.0,0,Jakarta Barat,penyewaan tenda,,Tenda
137,SEWA TENDA KERUCUT MURAH DAERAH TANJUNG DUREN SELATAN JAKARTA BARAT,400000,400000,0.0,0,Jakarta Selatan,Alat Pesta Kalibata,,Tenda
138,Sewa tenda pelaminan & sunatan komplit,30550,30550,0.0,0,Tangerang,AYASBI Decoration,,Tenda
139,tenda lipat 3x3 besi 0.8,780000,780000,0.0,0,Jakarta Barat,Pusat tenda terpal 1,,Tenda
140,Tenda Lipat 3x3 M Tenda Bazar Pameran Tend 3 x 3 Parkir Portable Lipat - Biru,835000,835000,0.0,0,Tangerang,sekawanjayasantoso,,Tenda
141,TENDA CAFE/TENDA BOKAR PASANG 3X3 bahan atap d300,1700000,1700000,0.0,0,Jakarta Barat,Pusat tenda terpal 1,4.8,Tenda
142,tenda lipat uk 2x2 tebal 08 - Biru,570000,650000,12.3,0,Jakarta Barat,yara tenda,4.9,Tenda
143,Tenda pramuka ukuran 3x4,1400000,1400000,0.0,0,Jakarta Barat,Distributor tenda kota,,Tenda
144,SPEEDS Tenda Camping Biru Kapasitas 2 Orang 018-01 - Coklat Otomatis,116000,116000,0.0,0,Surabaya,calary,4.8,Tenda
145,"tenda lipat matic premium uk 2x2 dinding 3 sisi ket besi 1,2",1150000,1150000,0.0,0,Jakarta Barat,Distributor tenda kota,,Tenda
146,tirai tenda ukuran 3 meter,125000,125000,0.0,0,Jakarta Barat,Distributor tenda kota,4.5,Tenda
147,tenda lipat matic premium ukuran 3x3,1000000,1000000,0.0,0,Jakarta Barat,Distributor tenda kota,,Tenda
148,Sewa tenda cave merah 3x3,100000,100000,0.0,0,Jakarta Selatan,Bordiz,4.9,Tenda
149,Sewa Tenda Cafe 2x2 VIP Paket Terbaik Murah Event Bazar Festival Pesta,700000,300000,-133.3,0,Jakarta Selatan,Bordiz_Tenda,,Tenda
150,sewa tenda tangerang murah,220000,15000,-1366.7,0,Depok,online shop fatimah,,Tenda
151,online shop fatimah,15000,15000,0.0,0,Depok,online shop fatimah,,Tenda
152,Sewa Tenda Roder Original Include Lampu dan Terpal Penutup,70000,70000,0.0,0,Bekasi,F424R Store,,Tenda
153,Sewa Tenda Decor Murah,47000,47000,0.0,0,Jakarta Barat,rere345,,Tenda
154,Sewa Tenda Decor Murah,46000,46000,0.0,0,Jakarta Barat,Rina76,,Tenda
155,Atap tenda uk 2x4,400000,400000,0.0,0,Jakarta Barat,Distributor tenda kota,,Tenda
156,tenda lipat matic premium uk 2x2 dinding 4 sisi,1300000,1300000,0.0,0,Jakarta Barat,Distributor tenda kota,,Tenda
157,tenda lipat matic uk 3x4.5,1100000,1100000,0.0,0,Jakarta Barat,Distributor tenda kota,5.0,Tenda
158,tenda lipat matik premium uk 3x3 dinding 4 sisi,1450000,1450000,0.0,0,Jakarta Barat,Distributor tenda kota,,Tenda
159,"Tenda lipat ukuran 3x4,5 super premium dinding 4 sisi, ket besi 1,4",1975000,1975000,0.0,0,Jakarta Barat,Distributor tenda kota,5.0,Tenda
160,sewa tenda pesta,5000000,5000000,0.0,0,Jakarta Selatan,tendabagus,,Tenda
161,✯💓 SEWA TENDA DECOR MURAH,102000,102000,0.0,0,Jakarta Pusat,siennastoress,,Tenda
162,SEWA TENDA DECOR MURAH (－_－b,45000,45000,0.0,0,Jakarta Barat,sunarto47490,,Tenda
163,Sewa Tenda Sarnafil 3x3 Transparan Terbaik Event Bazar Festival Warna,500000,500000,0.0,0,Jakarta Selatan,Bordiz_Tenda,,Tenda
164,SEWA TENDA BAZAR,4000000,4000000,0.0,0,Kab. Tangerang,Jual Tenda Tanferang,,Tenda
165,sewa tenda pramuka sarnafil kerucut bogor 19 - 20 desember 2020,4444000,4444000,0.0,1,Jakarta Selatan,arini shop jkt,,Tenda
166,Sewa Tenda ZEBRA Double Dome C4DZ kap 4/5 orang,347000,347000,0.0,0,Tangerang,Gtgaid,,Tenda
167,Sewa Tenda Parasol Payung Meja Kursi Jati Taman Pantai,650000,650000,0.0,0,Jakarta Selatan,arini shop jkt,,Tenda
168,Sewa Tenda Cafe Ukuran 3X3 Terbaik Event Bazar Karnaval Festival Warna,200000,200000,0.0,0,Jakarta Selatan,Bordiz_Tenda,,Tenda
169,Sewa Tenda Dekorasi Pernikahan ,100,100,0.0,0,Tangerang,Rere Silalahi,,Tenda
170,"tenda lipat matic premium uk 2x3 ket besi 1,2 tirai 4 sisi",1300000,1300000,0.0,0,Jakarta Barat,Distributor tenda kota,,Tenda
171,tenda lipat matic ukuran 2x3 dinding 3 sisi,1150000,1150000,0.0,0,Jakarta Barat,Distributor tenda kota,5.0,Tenda
172,tenda lipat matic premium uk 2x3 dinding 3 sisi,1340000,1340000,0.0,0,Jakarta Barat,Distributor tenda kota,,Tenda
173,"tenda lipat matic premium ukuran 3x4,5",1350000,1350000,0.0,0,Jakarta Barat,Distributor tenda kota,5.0,Tenda
174,atap tenda lipat ukuran 2x2,150000,150000,0.0,0,Jakarta Barat,Distributor tenda kota,,Tenda
175,sewa tenda nikah & event dan alat pesta,50000,50000,0.0,0,Tangerang Selatan,ALF_TendaDECORATION,5.0,Tenda
176,Sewa tenda bazzar,200000,300000,33.3,0,Bekasi,Beanbag murah Bekasi,,Tenda
177,sewa tenda cafe 2x2 bazar,200000,130000,-53.8,0,Jakarta Selatan,Bordiz,,Tenda
178,Sewa Rental Tenda Sarnafil 3x3m Paket meja kursi,45000,500000,91.0,0,Jakarta Barat,CLARION STORE.,,Tenda
179,Sewa Tenda Cafe | Bazaar | Acara 3x3 Paket Meja,320000,125000,-156.0,0,Jakarta Selatan,Ind.Decoration Jaya Berkah,,Tenda
180,Alat Pesta Kalibata,45000,45000,0.0,0,Jakarta Selatan,Alat Pesta Kalibata,,Tenda
181,Jual Tenda Tanferang,90000,90000,0.0,0,Jakarta Selatan,Sewa Tenda Sarnafil 5x5 Transparan Terbaik Event Bazar Festival Warna ,,Tenda
182,Sewa Tenda Sarnafil 5x5 Transparan Terbaik Event Bazar Festival Warna ,800000,800000,0.0,0,Jakarta Selatan,Bordiz_Tenda,,Tenda
183,Sewa Tenda Cafe 3x3 Paket Terbaik Murah Event Bazar Festival Pesta,300000,300000,0.0,0,Jakarta Selatan,Bordiz_Tenda,,Tenda
184,Sewa Tenda Plafon | klik aja,20000,20000,0.0,0,Jakarta Selatan,Media-Langit,,Tenda
185,sewa tenda bazar. murah,350000,350000,0.0,0,Jakarta Barat,penyewaan tenda,,Tenda
186,SEWA TENDA PROMOSI,3000000,3000000,0.0,0,Kab. Tangerang,Jual Tenda Tanferang,,Tenda
187,SEWA TENDA DEKORASI MURAH PANCORAN JAKARTA SELATAN,1000,1000,0.0,0,Jakarta Selatan,Alat Pesta Kalibata,,Tenda
188,SEWA TENDA PROMOSI PRODUK,40000000,40000000,0.0,0,Kab. Tangerang,Jual Tenda Tanferang,,Tenda
189,sewa tenda serpong,50000,50000,0.0,0,Jakarta Barat,penyewaan tenda,,Tenda
190,sewa tenda serut,35000,35000,0.0,0,Depok,Depok Tenda,,Tenda
191,SEWA TENDA RODERS. TENDA RODERS,150000,150000,0.0,0,Kab. Sukabumi,Nineties productive,,Tenda
192,sewa tenda jakarta selatan,50000,50000,0.0,0,Jakarta Barat,penyewaan tenda,,Tenda
193,Sewa Tenda Roder,60000,60000,0.0,0,Jakarta Selatan,sewa tenda sarnavil 5x5,,Tenda
194,Rental Property Event,500000,500000,0.0,0,Jakarta Selatan,Rental Property Event,,Tenda
195,Rental Property Event,140000,140000,0.0,0,Jakarta Selatan,Ind.Decoration Jaya Berkah,,Tenda
196,Ind.Decoration Jaya Berkah,650000,650000,0.0,0,Jakarta Selatan,SEWA TENDA ACARA ,,Tenda
197,SEWA TENDA ACARA ,3000000,3000000,0.0,0,Kab. Tangerang,Jual Tenda Tanferang,,Tenda
198,Tenda Lafuma Sumertime | Sewa,35000,35000,0.0,0,Jakarta Selatan,javarha_Equipment,,Tenda
199,Sewa Rental Tenda Bazar 3x3 Jakarta Tenda Cafe,200000,200000,0.0,0,Jakarta Barat,CLARION STORE.,,Tenda
200,SEWA TENDA ACARA VAKSINASI,38800000,38800000,0.0,0,Kab. Tangerang,Jual Tenda Tanferang,,Tenda
201,Sewa Tenda Cave 2x2,80000,80000,0.0,0,Jakarta Selatan,Bordiz,,Tenda
202,Sewa Tenda Kerucut,400000,400000,0.0,0,Jakarta Selatan,Tenda Great Outdoor Java 4 Pro | Sewa,,Tenda
203,javarha_Equipment,35000,35000,0.0,0,Jakarta Selatan,javarha_Equipment,,Tenda
204,sewa tenda tangerang selatan,45000,45000,0.0,0,Tangerang Selatan,ALF_TendaDECORATION,,Tenda
205,sewa tenda roader VIP,110000,110000,0.0,0,Jakarta Selatan,Mutiara Pesta,,Tenda
206,TERJAMIN ASLI SEWA TENDA DAN KURSI FUTURA COVER KODE 9,82000,82000,0.0,0,Jakarta Timur,storenavil,,Tenda
207,Sewa tenda roder murah permeter Polos dan Dekorasi,70000,70000,0.0,0,Bekasi,F424R Store,,Tenda
208,"tenda lipat matic super premium ukuran 2x3 ket besi 1,4",1250000,1250000,0.0,0,Jakarta Barat,Distributor tenda kota,,Tenda
209,tenda lipat uk 2x3 dinding 4 sisi,1250000,1250000,0.0,0,Jakarta Barat,Distributor tenda kota,,Tenda
210,"tenda lipat matic ukuran 1,5x15 dinding 3 sisi",850000,850000,0.0,0,Jakarta Barat,Distributor tenda kota,5.0,Tenda
211,Distributor tenda kota,1000000,1000000,0.0,0,Jakarta Barat,Distributor tenda kota,4.0,Tenda
212,Sewa Tenda Roder,60000,60000,0.0,0,Jakarta Selatan,Tenda single tent ultralight Naturehike NH18A095-D,,Tenda
213,Bali Camping Store,899000,899000,0.0,0,Denpasar,Bali Camping Store,4.7,Tenda
214,Tenda Camping 4 Orang Tenda Dome Portabel Kemping Tenda Lipat Outdoor,460600,460600,0.0,0,Kab. Tangerang,DDS Infinity,4.8,Tenda
215,Sewa Tenda Kerucut,400000,400000,0.0,0,Jakarta Selatan,Sewa Tenda Flapon polos,,Tenda
216,sewa tenda bazar ivent dll,25000,150000,83.3,0,Kab. Bogor,M sparepart,,Tenda
217,Distributor Tenda Roder,1250000,1250000,0.0,0,Tangerang,Distributor Tenda Roder,,Tenda
218,Jual Tenda Tanferang,50000,50000,0.0,0,Jakarta Barat,penyewaan tenda,,Tenda
219,"partisi tenda, even, mall, bazar, expo sewa murah bekasi, jakarta P36",150000,150000,0.0,0,Bekasi,Serba Paling Murah,,Tenda
220,sewa tenda bazar ukuran 3x3,175000,175000,0.0,0,Tangerang Selatan,tendakita_id,,Tenda
221,sewa tenda jakarta,50000,50000,0.0,0,Jakarta Barat,penyewaan tenda,,Tenda
222,sewa tenda camping 6 orang,140000,140000,0.0,0,Bogor,Ibra Camping,,Tenda
223,Sewa Tenda Semoi Pleton,400000,400000,0.0,0,Jakarta Selatan,Bordiz,,Tenda
224,Tenda Dome Camping Kemping Hyu 4-5 Orang / Tenda Kemah Outdoor,230000,230000,0.0,0,Kab. Bogor,Incredible adventure,,Tenda
225,tenda lipat matic premium ukuran 2x2,895000,895000,0.0,0,Jakarta Barat,Distributor tenda kota,4.9,Tenda
226,Tenda Camping Dome Kap 3 Orang/Tenda Gunung Kap 3 Orang/Tenda Outdoor,189000,189000,0.0,0,Kab. Bogor,Incredible adventure,,Tenda
227,Tenda Camping Kapasitas 1-3 Orang Tenda Otomatis Outdoor & Indoor,134490,134490,0.0,0,Kab. Tangerang,Diamonds Falcon,4.6,Tenda
228,Tenda Dome Camping Kemping Camo Loreng 2-3 Orang / Tenda Kemah Outdoor,188000,188000,0.0,0,Kab. Bogor,Incredible adventure,,Tenda
229,"Sewa tenda roder jakarta,produksi tenda roder",85000,85000,0.0,0,Kab. Tangerang,tenda roder,4.9,Tenda
230,sewa tenda cafe 2x2 kemah bazar event,45000,130000,65.4,0,Jakarta Selatan,arini shop jkt,,Tenda
231,sewa tenda roder,50000,90000,44.4,0,Grosir,Depok,,Tenda
232,Sewa Tenda Cave 3x3,100000,100000,0.0,0,Jakarta Selatan,Bordiz,,Tenda
233,sewa tenda buat acara sakral dan lain sebagainya,50000,50000,0.0,0,Tangerang Selatan,LERASI PESTA BINTARO JAYA,,Tenda
234,Sewa Tenda Bazar berkualitas ,100000,100000,0.0,0,Depok,Zein Event Store,,Tenda
235,sewa tenda murah,50000,50000,0.0,0,Jakarta Barat,penyewaan tenda,,Tenda
236,"TERPAULIN PVC SEMI KARET TENDA RT ATAU TENDA SEWA UKURAN 4,30X6,30 PAS",877500,877500,0.0,0,Depok,UDJAYAPUTRATENDA,,Tenda
237,Tenda Pramuka Regu Komando Uk. 3M x 4M Kap 8 Orang,500000,500000,0.0,0,Bandung,ditamaoutdoor,5.0,Tenda
238,Tenda Camping Dome Camo Loreng 4-5 Orang / Tenda Kemping Outdoor,225000,225000,0.0,0,Kab. Bogor,Incredible adventure,,Tenda
239,atap tenda lipat ukuran 3x6 ( atap saja),500000,500000,0.0,0,Jakarta Barat,Distributor tenda kota,4.9,Tenda
240,Tenda Camping Kemping Dome Kap 6 Orang / Tenda Gunung Kemah Outdoor,265000,265000,0.0,0,Kab. Bogor,Incredible adventure,,Tenda
241,tenda lipat matic ukuran 2x2 dinding 4 sisi,1100000,1100000,0.0,0,Jakarta Barat,Distributor tenda kota,5.0,Tenda
242,sewa tenda sarnavil,450000,450000,0.0,0,Tangerang Selatan,tendakita_id,,Tenda
243,Sewa Tenda Sarnafil 3x3 M - Tenda Kerucut/Tenda Sarnavil Event/Bazar,340000,340000,0.0,0,Tangerang Selatan,DRL Production,,Tenda
244,SEWA TENDA RODER JABODETABEK,90000,90000,0.0,0,Tangerang,kontraktor tenda roder14,,Tenda
245,Sewa Tenda Plafon Dekor / Wedding / Terbaik / Murah / Event / Bazar,30000,30000,0.0,0,Jakarta Selatan,Bordiz_Tenda,,Tenda
246,sewa tenda roder transparant,80000,80000,0.0,0,Jakarta Selatan,Mutiara Pesta,,Tenda
247,Restock ✡ Sewa Tenda Decor Murah,73185,73185,0.0,0,Jakarta Timur,Nabilha Mall,,Tenda
248,SEWA TENDA PARASOL JABODETABEK ,650000,650000,0.0,0,Jakarta Selatan,SEWATENDAJKT,,Tenda
249,Sewa Tenda Peramuka Terbaik Murah Hiking Camping Traveling Outdoor,40000,40000,0.0,0,Jakarta Selatan,Bordiz_Tenda,,Tenda
250,SEWA TENDA DECOR MURAH --(°▽°)**,45000,45000,0.0,0,Jakarta Selatan,IFRAYUNALDI,,Tenda
251,Sewa Tenda Sarnafil Ukuran 5X5 Terbai Event Bazar Karnaval Warna Putih,600000,600000,0.0,0,Jakarta Selatan,Bordiz_Tenda,,Tenda
252,Sewa Tenda Sarnafil Surabaya,450000,450000,0.0,0,Surabaya,Persewaan Galaxy lintang,,Tenda
253,Sewa Tenda Sarnafil Sarnavil 5x5 Full Dinding Bazar Event Karnaval,650000,650000,0.0,0,Jakarta Selatan,arini shop jkt,,Tenda
254,Sewa Tenda Cafe 2x2 Paket Terbaik Event Bazar Festival Pesta Warna,250000,250000,0.0,0,Jakarta Selatan,Bordiz_Tenda,,Tenda
255,sewa tenda kerucut /sarnavil surabaya,500000,500000,0.0,0,Surabaya,givemecolours,,Tenda
256,SEWA TENDA PESTA,60000,60000,0.0,0,Depok,EMPAT CAHAYA CORP,,Tenda
257,Sewa Tenda Pesta,1600000,1600000,0.0,0,Kab. Tangerang,Jual Tenda Tanferang,5.0,Tenda
258,sewa tenda tangerang ,50000,50000,0.0,0,Jakarta Barat,penyewaan tenda,,Tenda
259,Sewa Tenda Cafe 2x2 Terbaik Murah Event Bazar Festival Pesta Warna,150000,150000,0.0,0,Jakarta Selatan,Bordiz_Tenda,,Tenda
260,sewa tenda kerucut 3x3 paket lengkap event bazar,350000,350000,0.0,0,Jakarta Selatan,arini shop jkt,,Tenda
261,Sewa Tenda Kerucut 3x3 Tebaik / Murah / Event / Bazar / Warna / Putih,250000,250000,0.0,0,Jakarta Selatan,Bordiz_Tenda,,Tenda
262,sewa tenda sarnafil 5x5,750000,750000,0.0,0,Tangerang Selatan,Sewa Alatt Event,,Tenda
263,sewa tenda sarnafil 3x3 full dinding paket lengkap event bazar,450000,450000,0.0,0,Jakarta Selatan,arini shop jkt,,Tenda
264,Sewa Tenda Sarnafil 3x3 Paket Terbaik Event Bazar Festival Warna,450000,450000,0.0,0,Jakarta Selatan,Bordiz_Tenda,,Tenda
265,Sewa Tenda Naturehike 4P NH18Z044-P Professional 4 orang gojekgrab,150000,150000,0.0,1,Jakarta Utara,5,5.0,Tenda
266,Sewa tenda kerucut + Lampu 3x3 dan 5x5 murah,250000,500000,50.0,0,Bekasi,F424R Store,,Tenda
267,Sewa Tenda Krucut 3x3,89000,250000,64.4,0,Jakarta Selatan,Bordiz,,Tenda
268,sewa paket tenda pelaminan,1820000,15000000,87.9,0,Kab. Bekasi,Sanggar Aisyah,,Tenda
269,Sewa Tenda Cafe 3x3 Event Bazar Piramid Kafe,75000,200000,62.5,0,Jakarta Selatan,arini shop jkt,,Tenda
270,Tangerang Selatan,300000,300000,0.0,0,Tangerang Selatan,Dally decoration,,Tenda
271,sewa tenda tangerang selatan,50000,50000,0.0,0,Jakarta Barat,penyewaan tenda,,Tenda
272,sewa tenda sarnavil,350000,350000,0.0,0,Jakarta Barat,penyewaan tenda,,Tenda
273,Sewa Tenda Parasol Terbaik / Murah / Event / Bazar / Pesta / Warna,650000,650000,0.0,0,Jakarta Selatan,Bordiz_Tenda,,Tenda
274,Sewa Tenda Sarnafil 5x5 full dinding / tenda bazar / tenda event,600000,600000,0.0,0,Tangerang Selatan,Indoprima Tenda,,Tenda
275,sewa tenda bintaro,50000,50000,0.0,0,Jakarta Barat,penyewaan tenda,,Tenda
276,Tenda Camping Dome 4 Orang Olahraga Outdoor Perlengkapan Gunung Waterp,152900,152900,0.0,0,Jakarta Pusat,Super Saffron,4.9,Tenda
277,tenda lipat matic premium uk 3x3 dinding 3 sisi,1300000,1300000,0.0,0,Jakarta Barat,Distributor tenda kota,,Tenda
278,penutup/dinding tenda lipat - 3x6 polos,380000,380000,0.0,0,Jakarta Barat,TendaLipat Hoka,5.0,Tenda
279,"tenda matic super premium ketebalan besi 1,4 water proof",1890000,1890000,0.0,0,Jakarta Barat,Distributor tenda kota,,Tenda
280,TENDA PLETON 6MX14MX3M STANDART TENDA TNI BAHAN D300 KUAT DAN AWET - Hijau,5450000,5450000,0.0,0,Jakarta Barat,ATAKANA TENDA,5.0,Tenda
281,SEWA TENDA DAN DECOR TERMURAH,35000,35000,0.0,0,Depok,EMPAT CAHAYA CORP,,Tenda
282,sewa tenda roder transparant,80000,80000,0.0,0,Jakarta Selatan,Mutiara Pesta,5.0,Tenda
283,sewa tenda transparant,45000,65000,30.8,0,Jakarta Selatan,Mutiara Pesta,,Tenda
284,Sewa Tenda Cafe 2x2 / 3x3 / Murah /Vip / Event / Bazar / Warna / Putih,45000,120000,62.5,1,Jakarta Selatan,Bordiz_Tenda,,Tenda
285,Sewa Tenda Cafe | Bazaar | Acara 3x3 Putih,130000,100000,-30.0,0,Jakarta Selatan,Ind.Decoration Jaya Berkah,,Tenda
286,Sewa Tenda Sarnafil 3X3 Event Bazar Karnaval Festival PestaWarna Putih,30000,350000,91.4,0,Jakarta Selatan,Bordiz_Tenda,,Tenda
287,Rental Property Event,100000,100000,0.0,0,Jakarta Selatan,Rental Property Event,,Tenda
288,SEWA TENDA DAN DECOR TERMURAH,35000,35000,0.0,0,Depok,EMPAT CAHAYA CORP,,Tenda
289,Sewa Tenda Bazar Bazzar Event Cafe Prisma 2x2 Warna Warni,150000,150000,0.0,60+,Jakarta Selatan,arini shop jkt,5.0,Tenda
290,Tangerang Selatan,2999000,2999000,0.0,0,Jakarta Barat,ALLTREK Indonesia,,Tenda
291,ALLTREK Indonesia,475500,475500,0.0,0,Kab. Tangerang,Diamonds Falcon,4.9,Tenda
292,Tenda Camping Lipat Otomatis Tenda Camping Kapasitas 1-3 Orang,135500,135500,0.0,0,Kab. Tangerang,DDS Infinity,4.8,Tenda
293,ALLTREK Tenda Canopy Pop Up Octagonal Shelter Tent Outdoor - Octagonal,1424050,1424050,0.0,0,Jakarta Barat,ALLTREK Indonesia,,Tenda
294,AERA Tenda Camping 8 10 Orang Double Layer | Kapasitas 8-12 Orang,2250000,2250000,0.0,0,Jakarta Barat,HanDecor,4.9,Tenda
295,Sewa Tenda Camping kapasitas 4 orang,45000,45000,0.0,0,Jakarta Barat,Sapala Outdoor,,Tenda
296,Sewa Tenda Terpal Terbaik/ Murah / Event / Bazar / Pesta / Festival,15000,15000,0.0,0,Jakarta Selatan,Bordiz_Tenda,,Tenda
297,Sewa Tenda Cafe 3x3 bazar event dinding sarnafil sarnavil,200000,200000,0.0,0,Jakarta Selatan,arini shop jkt,,Tenda
298,Sewa Tenda Plafon Tenda Dekor Tenda Pesta Tenda Kondangan JAKARTA,30000,30000,0.0,0,Jakarta Barat,CLARION STORE.,,Tenda
299,Sewa Tenda Sarnafil 5x5 Full Dinding Sarnavil Karnaval event bazar,650000,650000,0.0,0,Jakarta Selatan,arini shop jkt,,Tenda
300,Sewa Tenda Sarnafil 3x3 Dinding Sarnavil Kerucut Event Bazar Karnaval,350000,350000,0.0,0,Jakarta Selatan,arini shop jkt,,Tenda
301,Sewa Tenda Sarnafil 3x3 / 5x5 / Murah / Event / Bazar / Warna / Putih,350000,350000,0.0,0,Jakarta Selatan,Bordiz_Tenda,,Tenda
302,Sewa Tenda Bazar,60000,60000,0.0,0,Jakarta Selatan,Bordiz,,Tenda
303,sewa tenda jabodetabek,50000,50000,0.0,0,Jakarta Barat,penyewaan tenda,,Tenda
304,Sewa Tenda Plafon,125000,125000,0.0,0,Tangerang Selatan,Sewa Alatt Event,,Tenda
305,Tenda Otomatis Naturehike NH21ZP008 Camping Auto Tent 3-4P,935000,935000,0.0,0,Jakarta Utara,Naturehike Outdoors ID,,Tenda
306,tenda lipat matic ukuran 2x2 dinding 3 sisi,900000,900000,0.0,0,Jakarta Barat,Distributor tenda kota,4.9,Tenda
307,Sewa Tenda Rigging,250000,250000,0.0,0,Jakarta Selatan,"tenda lipat matic ukuran 3x4,5 dinding 4 sisi",,Tenda
308,Distributor tenda kota,1600000,1600000,0.0,0,Jakarta Barat,Distributor tenda kota,4.7,Tenda
309,Incredible adventure,15000,15000,0.0,0,Grosir,Kab. Garut,4.9,Tenda
310,sewa tenda camping depok,30000,30000,0.0,0,Kab. Bogor,Garasi pott,,Tenda
311,Rental Sewa Tenda Camping Dan Peralatan Camping Bl,59500,59500,0.0,0,Jakarta Utara,Dayanna Mall,,Tenda
312,sewa tenda 2x2  putih,60000,60000,0.0,0,Jakarta Selatan,Ind.Decoration Jaya Berkah,,Tenda
313,Rental Sewa Tenda Transparan Bandung,50000,50000,0.0,0,Bandung,GLOBAL PESTA,,Tenda
314,Sewa Tenda Cafe 2x2 Piramid event bazar,130000,130000,0.0,0,Jakarta Selatan,arini shop jkt,,Tenda
315,Sewa Tenda Cafe | Bazaar | Acara 3x3 Paket 2 Meja + 2 Kursi,165000,165000,0.0,0,Jakarta Selatan,Ind.Decoration Jaya Berkah,,Tenda
316,Sewa Tenda Sarnafil Dekor Kain Atap Sarnavil 3x3 5x5,485000,485000,0.0,1,Jakarta Selatan,arini shop jkt,,Tenda
317,Rental Property Event,45000,45000,0.0,0,Jakarta Selatan,Rental Property Event,,Tenda
318,Sewa Tenda Cafe 2X2 Vip Terbaik Event Bazar Karnaval Festival Warna,200000,200000,0.0,0,Jakarta Selatan,Bordiz_Tenda,,Tenda
319,SEWA TENDA BAZAR 2X2 ,200000,200000,0.0,0,Jakarta Selatan,SEWATENDAJKT,,Tenda
320,Sewa Tenda Kerucut 3x3 Paket Terbaik Event Bazar Festival Warna Putih,350000,350000,0.0,0,Jakarta Selatan,Bordiz_Tenda,,Tenda
321,Rental Sewa Tenda Camping Outdoor,40000,40000,0.0,0,Jakarta Timur,Koutdoor,,Tenda
322,tenda ikea sirkus harga sewa 1 bulan,100000,100000,0.0,0,Kab. Bogor,Baby Golite,,Tenda
323,Sewa Tenda Roder,100000,100000,0.0,0,Tangerang Selatan,Sewa Alatt Event,,Tenda
324,Sewa tenda pesta,55000,55000,0.0,0,Kab. Tangerang,Eldina interior and organizer,,Tenda
325,sewa tenda Roders,100000,100000,0.0,0,Jakarta Selatan,Rental Property Event,,Tenda
326,New Sewa Tenda Decor Murah,71000,71000,0.0,0,Jakarta Pusat,Rifqii Mall,,Tenda
327,Promo SEWA TENDA DECOR MURAH,63000,63000,0.0,0,Jakarta Pusat,Ardi murah,,Tenda
328,SEWA TENDA RODER DEKORASI PROMO TERMURAH JAKARTA | BEKASI | BOGOR,600000,600000,0.0,0,Jakarta Barat,tendaterpaljakarta,,Tenda
329,sewa tenda hajatan / tenda plapon / tenda dekor,30000,30000,0.0,0,Depok,cv.Abadiperkasa,,Tenda
330,Sewa Rental Tenda Bazar 2x2m Jakarta Tenda Cafe,150000,150000,0.0,0,Jakarta Barat,CLARION STORE.,,Tenda
331,Sewa Tenda Cafe 2x2 Terbaik Event Bazar Festival Pesta Warna Hitam,120000,120000,0.0,0,Jakarta Selatan,Bordiz_Tenda,,Tenda
332,SEWA TENDA BAZAR 2X2 jabodetabek jabar,150000,150000,0.0,0,Jakarta Selatan,SEWATENDAJKT,,Tenda
333,terpal ukuran 3x6 type a12 bagus buat kolam tenda sewa alas duduk dlll,270000,270000,0.0,0,Depok,BIRRULWALIDAIIN(BW),,Tenda
334,Sewa Tenda Naturehike 4P Nh18Z044-P Profesional 4 Orang Gojekg,1044000,1044000,0.0,4,Jakarta Pusat,RavenccSkye,3.7,Tenda
335,Sewa Tenda Plafon Tenda Dekor Tenda Pesta JAKARTA,30000,30000,0.0,0,Jakarta Barat,CLARION STORE.,,Tenda
336,Sewa Tenda Transparan | klik aja,60000,60000,0.0,0,Jakarta Selatan,Media-Langit,,Tenda
337,Sewa Tenda Pleton Tni Militer Pramuka Medis Posko 6x14 meter,900000,900000,0.0,0,Jakarta Selatan,arini shop jkt,,Tenda
338,teepe tent tenda harga sewa 1 bulan,110000,110000,0.0,0,Kab. Bogor,Baby Golite,,Tenda
339,Sewa Tenda Paket Cafe Ukuran 2X2 Event Bazzar Karnaval Festival Konser,230000,230000,0.0,0,Jakarta Selatan,Bordiz_Tenda,,Tenda
340,sewa tenda event ,50000,50000,0.0,0,Jakarta Barat,penyewaan tenda,,Tenda
341,Sewa Tenda Sarnavil 5x5,600000,600000,0.0,0,Jakarta Selatan,Bordiz,,Tenda
342,"Sewa Tenda Bazar ,Tenda Pesta Mewah",1500000,1500000,0.0,0,Jakarta Selatan,Shezy sukses,,Tenda
343,sewa tenda acara,50000,50000,0.0,0,Jakarta Barat,penyewaan tenda,,Tenda
344,"TERPAULIN PVC SEMI KARET UKURAN 4,30X8,30 PAS TENDA RT ATAU TENDA SEWA",1147500,1147500,0.0,0,Depok,UDJAYAPUTRATENDA,,Tenda
345,Sewa Tenda Pleton  6x14 / Murah / Event / Bazar / Warna / Hijau,900000,900000,0.0,0,Jakarta Selatan,Bordiz_Tenda,,Tenda
346,Sewa Tenda Cafe Merah 2x2 M,150000,150000,0.0,0,Jakarta Timur,B4R5,,Tenda
347,tenda lipat matic ukuran 3x3 dinding 4 sisi,1200000,1200000,0.0,0,Jakarta Barat,Distributor tenda kota,,Tenda
348,Sewa Tenda Transparan Dekor,90000,90000,0.0,0,Jakarta Selatan,sewa tenda roader VIP,5.0,Tenda
349,"Tenda lipat praktis impor UK 3x3 Ket besi 0,8",718000,718000,0.0,0,Jakarta Barat,PASAI STORE,4.0,Tenda
350,"tenda lipat matic super premium uk 2x2 ket besi 1,4",1400000,1400000,0.0,0,Jakarta Barat,Distributor tenda kota,,Tenda
0,sewa photobooth,300000,300000,0.0,0,Jakarta Selatan,Bimasakti Tenda,,Photobooth
1,Paket Sewa Photobooth Polaroid 2 Jam Unlimited JAKARTA & BEKASI,1799000,1799000,0.0,0,Jakarta Timur,Fotoimoet,,Photobooth
2,Sewa properti photobooth,1300000,1300000,0.0,0,Jakarta Timur,unicdedecor,,Photobooth
3,Sewa mesin printer photobooth + laptop + operator,650000,650000,0.0,0,Surabaya,ivory photo video sby,,Photobooth
4,sewa photobooth rustic,1200000,1200000,0.0,0,Jakarta Barat,doorgift citra,,Photobooth
5,Sewa properti photobooth,1300000,1300000,0.0,0,Jakarta Timur,unicdedecor,,Photobooth
6,Sewa Printer Photobooth Jakarta Termurah,700000,700000,0.0,0,Jakarta Timur,Kreatif Digital,,Photobooth
7,Box boneka Barbie props dekorasi photobooth pesta backdrop sewa/ beli,1500000,1500000,0.0,0,Jakarta Utara,Favor Party Supplies,,Photobooth
8,Jasa sewa Photobooth,2500000,2500000,0.0,0,Jakarta Timur,ArfanProject,,Photobooth
9,sewa dekorasi backdrop lamaran/ akad nikah/ photobooth nuansa peach,1200000,1200000,0.0,0,Jakarta Barat,To Amanah,,Photobooth
10,sewa props photobooth,50000,50000,0.0,0,Jakarta Barat,doorgift citra,,Photobooth
11,Sewa Printer Photobooth murah,700000,700000,0.0,0,Jakarta Timur,Kreatif Digital,,Photobooth
12,Box Boneka Barbie Props Dekorasi Photobooth Pesta Backdrop Sewa/ Beli,2520000,2520000,0.0,0,Balikpapan,berkahselalu2,,Photobooth
13,Sewa Photobooth Polaroid 100 Lembar Murah JAKARTA & BEKASI,1750000,1750000,0.0,0,Jakarta Timur,Fotoimoet,,Photobooth
14,sewa dekorasi backdrop 3 m photobooth utk lamaran/ akad nikah,1300000,1300000,0.0,0,Jakarta Barat,To Amanah,,Photobooth
15,Sewa Photobooth (Experience and Trust) 3 Jam,399000,399000,0.0,0,Bekasi,fotobooth.id,,Photobooth
16,Sewa Properti Photobooth,2197000,2197000,0.0,0,Kab. Lampung Barat,jaya mekar hitam,,Photobooth
17,sewa dekorasi backdrop photobooth murah 3 m akad nikah,1500000,1500000,0.0,0,Jakarta Barat,To Amanah,,Photobooth
18,Paket Sewa Photobooth Polaroid 3 Jam Unlimited JAKARTA & BEKASI,3798480,3798480,0.0,0,Jakarta Pusat,bundiana,,Photobooth
19,Paket Sewa Photobooth Polaroid 4 Jam Unlimited JAKARTA & BEKASI,3299000,3299000,0.0,0,Jakarta Timur,Fotoimoet,,Photobooth
20,Sewa backdrop / dekor lamaran / photobooth,1300000,1300000,0.0,0,Jakarta Timur,unicdedecor,,Photobooth
21,SEWA BACKDROP PHOTOBOOTH,850000,850000,0.0,0,Kab. Sidoarjo,ANIMEY!!,,Photobooth
22,SEWA BACKDROP PHOTOBOOTH (FULL FLOWER),1500000,1500000,0.0,0,Kab. Sidoarjo,ANIMEY!!,,Photobooth
23,Sewa printer photobooth,800000,800000,0.0,0,Bekasi,MayPhotobooth,,Photobooth
24,Sewa Photobooth Polaroid Style Kuota 300 Murah JAKARTA & BEKASI,2750000,2750000,0.0,0,Jakarta Timur,Fotoimoet,,Photobooth
25,Sewa photobooth,800000,800000,0.0,0,Kab. Bekasi,ShaQueena shop,,Photobooth
26,sewa dekorasi Backdrop photobooth murah 2.5 m nuansa putih A..,1200000,1200000,0.0,0,Jakarta Barat,To Amanah,,Photobooth
27,sewa dekorasi Backdrop photobooth murah 3 m soft orange aaa,1500000,1500000,0.0,0,Jakarta Barat,To Amanah,,Photobooth
28,Terlaris Sewa Augmented Reality Photobooth Jakarta Unik Canggih,4000000,4000000,0.0,0,Tangerang,Mo-mostore,,Photobooth
29,"sewa dekorasi backdrop photobooth Aqiqah 3 m peach, include ongkir",1500000,1500000,0.0,1,Jakarta Barat,To Amanah,,Photobooth
30,sewa dekorasi Backdrop lamaran akikah photobooth murah 2 m..,850000,850000,0.0,1,Jakarta Barat,To Amanah,,Photobooth
31,"sewa Backdrop lamaran, photobooth outdoor 2.2 m",1200000,1200000,0.0,0,Jakarta Barat,To Amanah,,Photobooth
32,sewa photobooth ulangtahun anak,1500000,1500000,0.0,0,Jakarta Barat,doorgift citra,,Photobooth
33,Sewa Backdrop Photobooth,1100000,1100000,0.0,0,Jakarta Barat,Everyhing Of Clove,,Photobooth
34,sewa backdrop photobooth,1000000,1000000,0.0,0,Bekasi,MayPhotobooth,,Photobooth
35,Sewa backdrop / dekor lamaran / photobooth / engagement,1550000,1550000,0.0,0,Jakarta Timur,unicdedecor,,Photobooth
36,Sewa Dekorasi Backdrop/Photobooth,350000,350000,0.0,0,Depok,Queen_Decoration,,Photobooth
37,sewa photobooth murmer RO cibinong - bogor,850000,850000,0.0,0,Kab. Bogor,RO photobooth&ice cream,,Photobooth
38,sewa dan pasang photobooth,1400000,1400000,0.0,0,Jakarta Timur,Kembang_turi,,Photobooth
39,Paket Sewa Photobooth Polaroid 3 Jam Unlimited JAKARTA & BEKASI,2499000,2499000,0.0,0,Jakarta Timur,Fotoimoet,,Photobooth
40,backdrop photobooth / dekorasi lamaran / backdrop lamaran / rent backd,1200000,1200000,0.0,0,Kab. Bogor,carrabba store,,Photobooth
41,Sewa Backdrop PhotoBooth Model Tirai,1000000,1000000,0.0,0,Jakarta Barat,Everyhing Of Clove,,Photobooth
42,sewa photobooth murah banget cibinong - bogor,1040000,1040000,0.0,0,Jakarta Barat,Gisel Listrik,,Photobooth
43,Sewa backdrop photobooth / backdrop paper flower,850000,850000,0.0,0,Surabaya,DreamParty,,Photobooth
44,"SEWA JASA BACKDROP LAMARAN/AKAD NIKAH/PHOTOBOOTH, dan lain lain",750000,750000,0.0,0,Bekasi,rrsbackdrop,,Photobooth
45,SEWA JASA BACKDROP LAMARAN/AKAD NIKAH/PHOTOBOOTH/DLL,700000,700000,0.0,0,Bekasi,rrsbackdrop,,Photobooth
46,sewa photobooth murah banget cibinong - bogor,850000,850000,0.0,0,Kab. Bogor,RO photobooth&ice cream,,Photobooth
47,Sewa Photobooth murah cibinong bogor,850000,850000,0.0,0,Kab. Bogor,RO photobooth&ice cream,,Photobooth
48,sewa photobooth,860000,860000,0.0,0,Jakarta Barat,Gisel Listrik,,Photobooth
49,Sewa Photobooth (Experience and Trust) 2 jam,299000,299000,0.0,0,Bekasi,fotobooth.id,,Photobooth
50,sewa backdrop photobooth / backdrop paper flower,1000000,1000000,0.0,0,Surabaya,DreamParty,,Photobooth
51,Sewa backdrop dekor lamaran photobooth,2600000,2600000,0.0,0,Surabaya,yologaes,,Photobooth
52,Sewa Backdrop Lamaran Hajatan Nikahan Sunatan Photobooth Murah,200000,200000,0.0,0,Surabaya,Melinda Achmad New,,Photobooth
53,Photobooth (sewa),1200000,1200000,0.0,0,Banjarmasin,Simply Creative,,Photobooth
54,photobooth wedding murah jabodetabek,1800000,1800000,0.0,0,Jakarta Selatan,wajendra29,5.0,Photobooth
55,photo booth ulang tahun murah,1500000,1500000,0.0,0,Jakarta Selatan,wajendra29,,Photobooth
56,MobileTrans - Wa Transfer dan Line Transfer Original - Sewa WA,125000,125000,0.0,0,Kab. Bekasi,NusantaraLisensi,5.0,Photobooth
57,SEWA WIFI JEPANG | JAPAN WIFI | SEWA JAPAN WIFI,49000,49000,0.0,0,Jakarta Pusat,japantrips,4.9,Photobooth
58,drfone Whatsapp Transfer Original [KHUSUS MAC] - Lisensi Sewa,190000,190000,0.0,0,Kab. Bekasi,NusantaraLisensi,5.0,Photobooth
