Nama,Harga Diskon,Harga Awal,Diskon,Terjual,Kota/Kab,Toko,Rating
sewa photobooth,300000,300000,0,0,Jakarta Selatan,Bimasakti Tenda,
Paket Sewa Photobooth Polaroid 2 Jam Unlimited JAKARTA & BEKASI,1799000,1799000,0,0,Jakarta Timur,Fotoimoet,
Sewa properti photobooth,1300000,1300000,0,0,Jakarta Timur,unicdedecor,
Sewa mesin printer photobooth + laptop + operator,650000,650000,0,0,Surabaya,ivory photo video sby,
sewa photobooth rustic,1200000,1200000,0,0,Jakarta Barat,doorgift citra,
Sewa properti photobooth,1300000,1300000,0,0,Jakarta Timur,unicdedecor,
Sewa Printer Photobooth Jakarta Termurah,700000,700000,0,0,Jakarta Timur,Kreatif Digital,
Box boneka Barbie props dekorasi photobooth pesta backdrop sewa/ beli,1500000,1500000,0,0,Jakarta Utara,Favor Party Supplies,
Jasa sewa Photobooth,2500000,2500000,0,0,Jakarta Timur,ArfanProject,
sewa dekorasi backdrop lamaran/ akad nikah/ photobooth nuansa peach,1200000,1200000,0,0,Jakarta Barat,To Amanah,
sewa props photobooth,50000,50000,0,0,Jakarta Barat,doorgift citra,
Sewa Printer Photobooth murah,700000,700000,0,0,Jakarta Timur,Kreatif Digital,
Box Boneka Barbie Props Dekorasi Photobooth Pesta Backdrop Sewa/ Beli,2520000,2520000,0,0,Balikpapan,berkahselalu2,
Sewa Photobooth Polaroid 100 Lembar Murah JAKARTA & BEKASI,1750000,1750000,0,0,Jakarta Timur,Fotoimoet,
sewa dekorasi backdrop 3 m photobooth utk lamaran/ akad nikah,1300000,1300000,0,0,Jakarta Barat,To Amanah,
Sewa Photobooth (Experience and Trust) 3 Jam,399000,399000,0,0,Bekasi,fotobooth.id,
Sewa Properti Photobooth,2197000,2197000,0,0,Kab. Lampung Barat,jaya mekar hitam,
sewa dekorasi backdrop photobooth murah 3 m akad nikah,1500000,1500000,0,0,Jakarta Barat,To Amanah,
Paket Sewa Photobooth Polaroid 3 Jam Unlimited JAKARTA & BEKASI,3798480,3798480,0,0,Jakarta Pusat,bundiana,
Paket Sewa Photobooth Polaroid 4 Jam Unlimited JAKARTA & BEKASI,3299000,3299000,0,0,Jakarta Timur,Fotoimoet,
Sewa backdrop / dekor lamaran / photobooth,1300000,1300000,0,0,Jakarta Timur,unicdedecor,
SEWA BACKDROP PHOTOBOOTH,850000,850000,0,0,Kab. Sidoarjo,ANIMEY!!,
SEWA BACKDROP PHOTOBOOTH (FULL FLOWER),1500000,1500000,0,0,Kab. Sidoarjo,ANIMEY!!,
Sewa printer photobooth,800000,800000,0,0,Bekasi,MayPhotobooth,
Sewa Photobooth Polaroid Style Kuota 300 Murah JAKARTA & BEKASI,2750000,2750000,0,0,Jakarta Timur,Fotoimoet,
Sewa photobooth,800000,800000,0,0,Kab. Bekasi,ShaQueena shop,
sewa dekorasi Backdrop photobooth murah 2.5 m nuansa putih A..,1200000,1200000,0,0,Jakarta Barat,To Amanah,
sewa dekorasi Backdrop photobooth murah 3 m soft orange aaa,1500000,1500000,0,0,Jakarta Barat,To Amanah,
Terlaris Sewa Augmented Reality Photobooth Jakarta Unik Canggih,4000000,4000000,0,0,Tangerang,Mo-mostore,
"sewa dekorasi backdrop photobooth Aqiqah 3 m peach, include ongkir",1500000,1500000,0,1,Jakarta Barat,To Amanah,
sewa dekorasi Backdrop lamaran akikah photobooth murah 2 m..,850000,850000,0,1,Jakarta Barat,To Amanah,
"sewa Backdrop lamaran, photobooth outdoor 2.2 m",1200000,1200000,0,0,Jakarta Barat,To Amanah,
sewa photobooth ulangtahun anak,1500000,1500000,0,0,Jakarta Barat,doorgift citra,
Sewa Backdrop Photobooth,1100000,1100000,0,0,Jakarta Barat,Everyhing Of Clove,
sewa backdrop photobooth,1000000,1000000,0,0,Bekasi,MayPhotobooth,
Sewa backdrop / dekor lamaran / photobooth / engagement,1550000,1550000,0,0,Jakarta Timur,unicdedecor,
Sewa Dekorasi Backdrop/Photobooth,350000,350000,0,0,Depok,Queen_Decoration,
sewa photobooth murmer RO cibinong - bogor,850000,850000,0,0,Kab. Bogor,RO photobooth&ice cream,
sewa dan pasang photobooth,1400000,1400000,0,0,Jakarta Timur,Kembang_turi,
Paket Sewa Photobooth Polaroid 3 Jam Unlimited JAKARTA & BEKASI,2499000,2499000,0,0,Jakarta Timur,Fotoimoet,
backdrop photobooth / dekorasi lamaran / backdrop lamaran / rent backd,1200000,1200000,0,0,Kab. Bogor,carrabba store,
Sewa Backdrop PhotoBooth Model Tirai,1000000,1000000,0,0,Jakarta Barat,Everyhing Of Clove,
sewa photobooth murah banget cibinong - bogor,1040000,1040000,0,0,Jakarta Barat,Gisel Listrik,
Sewa backdrop photobooth / backdrop paper flower,850000,850000,0,0,Surabaya,DreamParty,
"SEWA JASA BACKDROP LAMARAN/AKAD NIKAH/PHOTOBOOTH, dan lain lain",750000,750000,0,0,Bekasi,rrsbackdrop,
SEWA JASA BACKDROP LAMARAN/AKAD NIKAH/PHOTOBOOTH/DLL,700000,700000,0,0,Bekasi,rrsbackdrop,
sewa photobooth murah banget cibinong - bogor,850000,850000,0,0,Kab. Bogor,RO photobooth&ice cream,
Sewa Photobooth murah cibinong bogor,850000,850000,0,0,Kab. Bogor,RO photobooth&ice cream,
sewa photobooth,860000,860000,0,0,Jakarta Barat,Gisel Listrik,
Sewa Photobooth (Experience and Trust) 2 jam,299000,299000,0,0,Bekasi,fotobooth.id,
sewa backdrop photobooth / backdrop paper flower,1000000,1000000,0,0,Surabaya,DreamParty,
Sewa backdrop dekor lamaran photobooth,2600000,2600000,0,0,Surabaya,yologaes,
Sewa Backdrop Lamaran Hajatan Nikahan Sunatan Photobooth Murah,200000,200000,0,0,Surabaya,Melinda Achmad New,
Photobooth (sewa),1200000,1200000,0,0,Banjarmasin,Simply Creative,
photobooth wedding murah jabodetabek,1800000,1800000,0,0,Jakarta Selatan,wajendra29,5
photo booth ulang tahun murah,1500000,1500000,0,0,Jakarta Selatan,wajendra29,
MobileTrans - Wa Transfer dan Line Transfer Original - Sewa WA,125000,125000,0,0,Kab. Bekasi,NusantaraLisensi,5
SEWA WIFI JEPANG | JAPAN WIFI | SEWA JAPAN WIFI,49000,49000,0,0,Jakarta Pusat,japantrips,4.9
drfone Whatsapp Transfer Original [KHUSUS MAC] - Lisensi Sewa,190000,190000,0,0,Kab. Bekasi,NusantaraLisensi,5
